experiment,representation,corpus,algorithm,family,repeat,fold,n_train,n_test,macro_f1,spam_f1,pr_auc,roc_auc,mcc,balanced_accuracy,accuracy,recall_at_99_precision,tn,fp,fn,tp,train_time_s,predict_ms_per_1000,n_configs
E1,word,full,MultinomialNB,Linear / probabilistic,1,1,4459,1115,0.9636849876235832,0.9366197183098592,0.9746496849404956,0.9903636388900467,0.9288779375088632,0.945273528144844,0.9838565022421524,0.8859060402684564,964,2,16,133,2.127359532,19.123940807178712,8
E1,word,full,LogisticRegression,Linear / probabilistic,1,1,4459,1115,0.9684747727497632,0.9452054794520548,0.9792062852288396,0.9946225353286924,0.9372155276723,0.9604992566037212,0.9856502242152466,0.8791946308724832,961,5,11,138,2.3257458390000068,15.933027802693095,8
E1,word,full,LinearSVM,Kernel (linear),1,1,4459,1115,0.9662090493075128,0.9411764705882352,0.9800030271607306,0.9945739019272722,0.9330250629254968,0.9543054455514332,0.9847533632286996,0.8859060402684564,962,4,13,136,2.456174746000002,16.994276233180297,8
E1,word,full,kNN,Instance-based,1,1,4459,1115,0.9591575091575092,0.9285714285714286,0.9145412559970264,0.9546771436908584,0.9208523277239944,0.9357240123945696,0.9820627802690582,0.8859060402684564,965,1,19,130,3.4103750599999927,63.17170852017245,8
E1,word,full,RandomForest,Ensemble,1,1,4459,1115,0.953174271320816,0.9181494661921707,0.9771405478387408,0.9954840412967054,0.9085749656026572,0.9313331110092126,0.979372197309417,0.8187919463087249,963,3,20,129,29.312556494999995,53.446265470859146,8
E1,word,full,MultinomialNB,Linear / probabilistic,1,2,4459,1115,0.980064223595377,0.9652777777777778,0.9821248168828256,0.9902594244584324,0.9608993957778564,0.9664429530201342,0.9910313901345292,0.9395973154362416,966,0,10,139,2.0973396269999967,17.837833183850282,8
E1,word,full,LogisticRegression,Linear / probabilistic,1,2,4459,1115,0.9822152985649952,0.9690721649484536,0.9866618966739948,0.9943237872913976,0.9648029017335386,0.972636764072422,0.9919282511210762,0.959731543624161,965,1,8,141,2.226687050999999,14.93338385650038,8
E1,word,full,LinearSVM,Kernel (linear),1,2,4459,1115,0.986247689594232,0.9761092150170648,0.9871349786283592,0.9949351786235358,0.9726843064987,0.9793481734683952,0.9937219730941704,0.959731543624161,965,1,6,143,2.4295131860000083,17.82474170403936,8
E1,word,full,kNN,Instance-based,1,2,4459,1115,0.9660085969288486,0.940766550522648,0.9616377923023002,0.978302555337863,0.9329346111188676,0.951467339197132,0.9847533632286996,0.8993288590604027,963,3,14,135,3.5385646570000238,60.03707982064051,8
E1,word,full,RandomForest,Ensemble,1,2,4459,1115,0.9666015318717064,0.9419795221843004,0.9816233436384312,0.9949977072825046,0.933386137740826,0.9599816582600358,0.9847533632286996,0.906040268456376,960,6,11,138,28.71887628600001,53.219105829597815,8
E1,word,full,MultinomialNB,Linear / probabilistic,1,3,4459,1115,0.9763560795623224,0.958904109589041,0.9871555987241144,0.9959516407599308,0.9531911768466844,0.9656303972366148,0.989237668161435,0.9133333333333332,963,2,10,140,2.087667831999994,15.646930044831931,8
E1,word,full,LogisticRegression,Linear / probabilistic,1,3,4459,1115,0.9764926631809748,0.9591836734693876,0.9829294057855724,0.9941347150259068,0.9532516838535128,0.9684455958549224,0.989237668161435,0.92,962,3,9,141,2.212160796999996,15.339280717484298,8
E1,word,full,LinearSVM,Kernel (linear),1,3,4459,1115,0.9746069285683004,0.9559322033898304,0.983627207968756,0.994873920552677,0.9493972007374426,0.9679274611398964,0.988340807174888,0.92,961,4,9,141,2.330980079999989,16.712190134515698,8
E1,word,full,kNN,Instance-based,1,3,4459,1115,0.9700075855254544,0.9477351916376306,0.950738917558006,0.9748186528497408,0.941305435055276,0.9528151986183072,0.9865470852017936,0.9066666666666666,964,1,14,136,3.26872114599999,61.87555874439752,8
E1,word,full,RandomForest,Ensemble,1,3,4459,1115,0.9645341193434837,0.9383561643835616,0.970352634001936,0.982272884283247,0.9295381762046062,0.9540759930915372,0.9838565022421524,0.9,960,5,13,137,25.661240094999982,36.19265112108566,8
E1,word,full,MultinomialNB,Linear / probabilistic,1,4,4459,1115,0.9596499862484258,0.9295774647887324,0.9693758930602462,0.9862245250431778,0.9212574588260598,0.9389637305699482,0.9820627802690582,0.8666666666666667,963,2,18,132,2.077782200000001,15.098347982056858,8
E1,word,full,LogisticRegression,Linear / probabilistic,1,4,4459,1115,0.9671700420355094,0.94314381270903,0.9745182266043748,0.9858376511226252,0.9343471669656276,0.9658549222797927,0.9847533632286996,0.9,957,8,9,141,2.235463648999996,15.185546188342308,8
E1,word,full,LinearSVM,Kernel (linear),1,4,4459,1115,0.9647389947714624,0.9387755102040816,0.9746492762603572,0.9857132987910192,0.9297393372658196,0.9568911917098446,0.9838565022421524,0.9,959,6,12,138,2.4566705189999998,14.611200896858092,8
E1,word,full,kNN,Instance-based,1,4,4459,1115,0.9390927293652722,0.8929889298892989,0.92578264061002,0.9585284974093264,0.884947527308751,0.9033333333333332,0.9739910313901344,0.8133333333333334,965,0,29,121,3.3440632029999904,61.24326367713231,8
E1,word,full,RandomForest,Ensemble,1,4,4459,1115,0.9624545191927678,0.9347079037800688,0.972729464799232,0.9890086355785838,0.9255053000731612,0.9507426597582038,0.9829596412556054,0.76,960,5,14,136,28.487263267000003,34.732182062764515,8
E1,word,full,MultinomialNB,Linear / probabilistic,1,5,4460,1114,0.9782602139206305,0.9621993127147768,0.9854491184678866,0.9936015578815592,0.9568904938862476,0.9687623882880688,0.9901256732495513,0.9194630872483222,963,2,9,140,2.087680050000017,15.08058976657106,8
E1,word,full,LogisticRegression,Linear / probabilistic,1,5,4460,1114,0.9747483465764148,0.9562289562289562,0.9877675236818412,0.9957923288242864,0.949503946273129,0.9734012588239384,0.988330341113106,0.9194630872483222,959,6,7,142,2.234618399999988,15.253258527832624,8
E1,word,full,LinearSVM,Kernel (linear),1,5,4460,1114,0.980294067700668,0.9657534246575342,0.9906540491112116,0.9962096185276628,0.9608592980405214,0.9721180929860556,0.9910233393177738,0.9463087248322148,963,2,8,141,2.45796997299999,14.97634111311589,8
E1,word,full,kNN,Instance-based,1,5,4460,1114,0.9591522440598416,0.9285714285714286,0.9703875396224932,0.9849775706784436,0.9208424663934452,0.9357234760232293,0.9820466786355476,0.906040268456376,964,1,19,130,3.300872448000007,66.22279712746236,8
E1,word,full,RandomForest,Ensemble,1,5,4460,1114,0.9701804697245218,0.9480968858131488,0.9833723470931144,0.99590360607852,0.940972013430748,0.9581771394790832,0.9865350089766608,0.912751677852349,962,3,12,137,28.154056422999982,58.30159245961048,8
E1,word,full,MultinomialNB,Linear / probabilistic,2,1,4459,1115,0.971754990373898,0.9507042253521126,0.9615597590398732,0.9791640613058764,0.9450380077276552,0.953020134228188,0.9874439461883407,0.9261744966442952,966,0,14,135,2.1355734179999786,16.631409865483942,8
E1,word,full,LogisticRegression,Linear / probabilistic,2,1,4459,1115,0.9658052586479052,0.9403508771929824,0.963593966909695,0.9826100851779288,0.932907236635068,0.9486292328428308,0.9847533632286996,0.8993288590604027,964,2,15,134,2.515358994999985,15.37730044843646,8
E1,word,full,LinearSVM,Kernel (linear),2,1,4459,1115,0.9677199889987408,0.943661971830986,0.9637837276405784,0.9829922047605152,0.9369579726182592,0.949146831186516,0.9856502242152466,0.906040268456376,965,1,15,134,2.4222617429999787,15.61798206279238,8
E1,word,full,kNN,Instance-based,2,1,4459,1115,0.9398558474773308,0.8945454545454545,0.9319704665053624,0.96130518154154,0.8838533264932198,0.9111988828212932,0.9739910313901344,0.8187919463087249,963,3,26,123,3.4983720760000097,67.93499999999734,8
E1,word,full,RandomForest,Ensemble,2,1,4459,1115,0.949410255153802,0.911660777385159,0.9553570338468944,0.9832562146539386,0.900521386286914,0.930297914321842,0.9775784753363228,0.8657718120805369,961,5,20,129,27.88128844600004,36.05726905831001,8
E1,word,full,MultinomialNB,Linear / probabilistic,2,2,4459,1115,0.9634649831796932,0.9361702127659576,0.9728385603930468,0.9899398335348144,0.9289236466568712,0.9424354217905428,0.9838565022421524,0.8859060402684564,965,1,17,132,2.092086236,16.826246636792185,8
E1,word,full,LogisticRegression,Linear / probabilistic,2,2,4459,1115,0.9698281693952104,0.9473684210526316,0.9842366308861152,0.9950393930551504,0.9409616213535116,0.9525025358845026,0.9865470852017936,0.9194630872483222,965,1,14,135,2.3239929210000128,15.437380269016884,8
E1,word,full,LinearSVM,Kernel (linear),2,2,4459,1115,0.9740065741220608,0.9547038327526132,0.9813517271129332,0.9947892784192754,0.9489425840249646,0.9592139452804758,0.988340807174888,0.9261744966442952,965,1,12,137,2.3505770880000227,15.608530044840991,8
E1,word,full,kNN,Instance-based,2,2,4459,1115,0.94624553127735,0.9057971014492754,0.9404709763631844,0.9677803715591868,0.8962970876947277,0.9184278905609516,0.9766816143497756,0.8322147651006712,964,2,24,125,3.150794159000043,63.5317112107663,8
E1,word,full,RandomForest,Ensemble,2,2,4459,1115,0.949713615658684,0.912280701754386,0.971383334079718,0.9869523531618658,0.9006896977612943,0.9331360206761432,0.9775784753363228,0.7986577181208053,960,6,19,130,26.087826242999995,37.16755605380503,8
E1,word,full,MultinomialNB,Linear / probabilistic,2,3,4459,1115,0.9724154261560428,0.952054794520548,0.9825158379791116,0.9956062176165804,0.9453068432993252,0.9617789291882556,0.9874439461883407,0.8933333333333333,962,3,11,139,2.0806415110000103,15.527109417030974,8
E1,word,full,LogisticRegression,Linear / probabilistic,2,3,4459,1115,0.9641156024716786,0.9375,0.9739838511500656,0.9902728842832468,0.929313444107263,0.9484455958549224,0.9838565022421524,0.9,962,3,15,135,2.2456127089999995,15.069230493273636,8
E1,word,full,LinearSVM,Kernel (linear),2,3,4459,1115,0.9705307634162114,0.9488054607508531,0.9753401024861448,0.9910949913644214,0.9414227159578644,0.9612607944732297,0.9865470852017936,0.9,961,4,11,139,2.3767894970000043,14.525061883412109,8
E1,word,full,kNN,Instance-based,2,3,4459,1115,0.9615517939168894,0.9328621908127208,0.9572305236753932,0.9749879101899828,0.9253343337622336,0.939481865284974,0.9829596412556054,0.9066666666666666,964,1,18,132,3.249696090999976,56.20698744396088,8
E1,word,full,RandomForest,Ensemble,2,3,4459,1115,0.9596499862484258,0.9295774647887324,0.9763707668231988,0.9933471502590674,0.9212574588260598,0.9389637305699482,0.9820627802690582,0.8333333333333334,963,2,18,132,28.241422883999974,52.20284215248068,8
E1,word,full,MultinomialNB,Linear / probabilistic,2,4,4459,1115,0.9701844552713348,0.9480968858131488,0.975143231892536,0.9904559585492227,0.9412818033709932,0.9556303972366148,0.9865470852017936,0.9133333333333332,963,2,13,137,2.0928607359999774,16.170987443949482,8
E1,word,full,LogisticRegression,Linear / probabilistic,2,4,4459,1115,0.9806334847916408,0.9664429530201344,0.9868245069849444,0.9962037996545768,0.9612960823597488,0.9779274611398964,0.9910313901345292,0.9,961,4,6,144,2.2692571970000017,15.73710852016418,8
E1,word,full,LinearSVM,Kernel (linear),2,4,4459,1115,0.9804105526508125,0.9659863945578232,0.9881859088237934,0.995091537132988,0.961089132716077,0.9722970639032816,0.9910313901345292,0.92,963,2,8,142,2.322565411000028,15.675970403595793,8
E1,word,full,kNN,Instance-based,2,4,4459,1115,0.9534574347414976,0.9187279151943464,0.9381058559726536,0.9652089810017273,0.9091157095046702,0.9317789291882556,0.979372197309417,0.8666666666666667,962,3,20,130,3.4869734979999976,78.69503139014267,8
E1,word,full,RandomForest,Ensemble,2,4,4459,1115,0.9684747727497632,0.9452054794520548,0.9813917791095246,0.9911813471502592,0.9374225097519656,0.9579274611398964,0.9856502242152466,0.8666666666666667,961,4,12,138,27.118162036,38.48348789240706,8
E1,word,full,MultinomialNB,Linear / probabilistic,2,5,4460,1114,0.9824177751277984,0.9694915254237289,0.9924099233677344,0.9973363007267796,0.964902390929559,0.9783113676670028,0.9919210053859964,0.9328859060402684,962,3,6,143,2.2168452550000097,18.776509874326603,8
E1,word,full,LogisticRegression,Linear / probabilistic,2,5,4460,1114,0.9772704086837648,0.9607843137254902,0.9939747648692712,0.9972389331293252,0.9549843268651108,0.9881072434537678,0.9892280071813284,0.9664429530201344,955,10,2,147,2.500016469000002,16.06663375220601,8
E1,word,full,LinearSVM,Kernel (linear),2,5,4460,1114,0.9847631031841558,0.9736842105263158,0.9949979960057642,0.9982821573877664,0.969781374597198,0.993017352296832,0.992818671454219,0.9664429530201344,958,7,1,148,2.446804068000006,14.698801615810238,8
E1,word,full,kNN,Instance-based,2,5,4460,1114,0.96012313860252,0.9305555555555556,0.9608540925260828,0.9842160169697812,0.9209928429565466,0.9470737559550718,0.9820466786355476,0.8187919463087249,960,5,15,134,3.023468777000005,61.51340215441756,8
E1,word,full,RandomForest,Ensemble,2,5,4460,1114,0.9787541329227718,0.9632107023411371,0.9948085700975492,0.9989776402267272,0.9575154834845904,0.9801126682199116,0.9901256732495513,0.912751677852349,959,6,5,144,28.25839938500002,49.67272800719603,8
E1,word,full,MultinomialNB,Linear / probabilistic,3,1,4459,1115,0.9677199889987408,0.943661971830986,0.9844021554953536,0.9932746953464784,0.9369579726182592,0.949146831186516,0.9856502242152466,0.8993288590604027,965,1,15,134,2.0531083909999666,19.346319282497955,8
E1,word,full,LogisticRegression,Linear / probabilistic,3,1,4459,1115,0.9781352671989788,0.9619377162629758,0.987851543436066,0.9943237872913974,0.956889329904284,0.9659253546764488,0.990134529147982,0.9328859060402684,965,1,10,139,2.203279792999979,15.648452017966,8
E1,word,full,LinearSVM,Kernel (linear),3,1,4459,1115,0.9762175613224316,0.9586206896551724,0.9855640540500984,0.992572984840274,0.9529196337090488,0.9654077563327635,0.989237668161435,0.9328859060402684,964,2,10,139,2.3343355090000277,14.070511210754905,8
E1,word,full,kNN,Instance-based,3,1,4459,1115,0.94624553127735,0.9057971014492754,0.9604561794727348,0.979737240679756,0.8962970876947277,0.9184278905609516,0.9766816143497756,0.7986577181208053,964,2,24,125,3.171695675999956,62.44849506726043,8
E1,word,full,RandomForest,Ensemble,3,1,4459,1115,0.956398862424458,0.9241379310344828,0.97783671606139,0.9953311934636708,0.9132668081438138,0.9460412411244042,0.980269058295964,0.8322147651006712,959,7,15,134,27.91237312100003,34.54179641256623,8
E1,word,full,MultinomialNB,Linear / probabilistic,3,2,4459,1115,0.9741598612351569,0.9550173010380624,0.9777843824528754,0.9867578195561856,0.9489345742446884,0.962052051634777,0.988340807174888,0.8791946308724832,964,2,11,138,2.1829977029999554,14.478251121100776,8
E1,word,full,LogisticRegression,Linear / probabilistic,3,2,4459,1115,0.9651402726249532,0.9395973154362416,0.976471935199692,0.986702238525991,0.9302805452499062,0.9651402726249532,0.9838565022421524,0.8926174496644296,957,9,9,140,2.274266078999972,15.201859192803068,8
E1,word,full,LinearSVM,Kernel (linear),3,2,4459,1115,0.9725747737111372,0.9523809523809524,0.9782846119664416,0.9884669362346632,0.9452671675831196,0.9672106659996944,0.9874439461883407,0.906040268456376,961,5,9,140,2.4946171220000224,15.192258296023928,8
E1,word,full,kNN,Instance-based,3,2,4459,1115,0.9596499862484258,0.9295774647887324,0.9571418130777954,0.9811371878777772,0.9207979023994672,0.9414002251031724,0.9820627802690582,0.8859060402684564,963,3,17,132,3.4072416559999965,65.79124215246918,8
E1,word,full,RandomForest,Ensemble,3,2,4459,1115,0.9664066750672132,0.9415807560137456,0.9725351370564636,0.9893770756040964,0.9331762971359684,0.9571435519057344,0.9847533632286996,0.8187919463087249,961,5,12,137,28.35143175999997,36.17527892373445,8
E1,word,full,MultinomialNB,Linear / probabilistic,3,3,4459,1115,0.968290081763242,0.9448275862068966,0.9642764949656148,0.986362694300518,0.9373277904722964,0.9551122625215888,0.9856502242152466,0.9133333333333332,962,3,13,137,2.16059854599996,15.043442152442047,8
E1,word,full,LogisticRegression,Linear / probabilistic,3,3,4459,1115,0.971923652479208,0.951048951048951,0.982519098244398,0.9939067357512952,0.9453576336491964,0.9533333333333334,0.9874439461883407,0.94,965,0,14,136,2.2160530310000013,16.731973094143306,8
E1,word,full,LinearSVM,Kernel (linear),3,3,4459,1115,0.9782631426905496,0.9621993127147768,0.983556183967246,0.9949222797927462,0.9571380201155116,0.9661485319516409,0.990134529147982,0.94,964,1,10,140,2.6805484630000365,20.034074439519884,8
E1,word,full,kNN,Instance-based,3,3,4459,1115,0.9506869913904942,0.9136690647482014,0.9434417495118428,0.9679758203799654,0.9051619948242804,0.9228151986183074,0.97847533632287,0.8866666666666667,964,1,23,127,3.186907131000112,52.62986816139465,8
E1,word,full,RandomForest,Ensemble,3,3,4459,1115,0.9703588309416586,0.9484536082474226,0.9819624553408992,0.9946943005181348,0.9413216600943364,0.9584455958549224,0.9865470852017936,0.8866666666666667,962,3,12,138,28.589497542999997,58.98209955163853,8
E1,word,full,MultinomialNB,Linear / probabilistic,3,4,4459,1115,0.9592144936169767,0.9292929292929292,0.9803605063836408,0.9947668393782384,0.9184926283216182,0.9553367875647668,0.9811659192825112,0.8866666666666667,956,9,12,138,2.1569370139999364,13.450349775776957,8
E1,word,full,LogisticRegression,Linear / probabilistic,3,4,4459,1115,0.9540408342722102,0.9205298013245032,0.9795415103639,0.995167530224525,0.9081089409794628,0.9565975820379966,0.97847533632287,0.8933333333333333,952,13,11,139,2.32321768099996,16.60869147976699,8
E1,word,full,LinearSVM,Kernel (linear),3,4,4459,1115,0.9628870494459774,0.9355932203389832,0.9807310994961246,0.9952158894645942,0.9259539966886716,0.9563730569948188,0.9829596412556054,0.8933333333333333,958,7,12,138,2.3137680980000823,16.287199999948374,8
E1,word,full,kNN,Instance-based,3,4,4459,1115,0.9515799834981108,0.9154929577464788,0.94723665020546,0.97679792746114,0.9050912317786716,0.9312607944732296,0.97847533632287,0.7866666666666666,961,4,20,130,3.286347916999944,66.22807174889583,8
E1,word,full,RandomForest,Ensemble,3,4,4459,1115,0.956398862424458,0.9241379310344828,0.968927878870576,0.9885768566493957,0.9135308836442456,0.9435578583765112,0.980269058295964,0.8066666666666666,959,6,16,134,27.67008366099992,57.442584753341336,8
E1,word,full,MultinomialNB,Linear / probabilistic,3,5,4460,1114,0.976214369595388,0.9586206896551724,0.981005946651342,0.9916715930034428,0.9529133819445323,0.9654066835900824,0.9892280071813284,0.9328859060402684,963,2,10,139,2.1878966780000155,15.013028725291733,8
E1,word,full,LogisticRegression,Linear / probabilistic,3,5,4460,1114,0.9823160568299072,0.969283276450512,0.9827034164571206,0.9931181973084814,0.9648199217764312,0.9754737976840422,0.9919210053859964,0.953020134228188,963,2,7,142,2.342432396999925,15.178393177799208,8
E1,word,full,LinearSVM,Kernel (linear),3,5,4460,1114,0.9785106140450868,0.9627118644067796,0.9822593044990902,0.9929791007406892,0.9570876552482294,0.9744375282539904,0.9901256732495513,0.953020134228188,961,4,7,142,2.427926898999999,15.05737073616394,8
E1,word,full,kNN,Instance-based,3,5,4460,1114,0.9589005718502122,0.9280575539568344,0.9565920695015592,0.9749869596967694,0.9209737721523926,0.9328859060402684,0.9820466786355476,0.9261744966442952,965,0,20,129,3.2548585549999416,56.662722621163645,8
E1,word,full,RandomForest,Ensemble,3,5,4460,1114,0.976214369595388,0.9586206896551724,0.9806899689532717,0.989369544806482,0.9529133819445323,0.9654066835900824,0.9892280071813284,0.9261744966442952,963,2,10,139,27.02757153999994,37.86202603238572,8
E2,char,full,MultinomialNB,Linear / probabilistic,1,1,4459,1115,0.971923652479208,0.951048951048951,0.9815826164578588,0.9924062417496908,0.9449564464078356,0.9558582405824892,0.9874439461883407,0.912751677852349,965,1,13,136,9.954629810999904,81.30269147984063,8
E2,char,full,LogisticRegression,Linear / probabilistic,1,1,4459,1115,0.9781352671989788,0.9619377162629758,0.9884238434558862,0.9969638862256311,0.956889329904284,0.9659253546764488,0.990134529147982,0.9463087248322148,965,1,10,139,12.01833138500001,80.88416771304341,8
E2,char,full,LinearSVM,Kernel (linear),1,1,4459,1115,0.9760770683144524,0.9583333333333334,0.988660781815498,0.9971097864298916,0.952920168032408,0.9625696499784624,0.989237668161435,0.9463087248322148,965,1,11,138,11.49720688800005,81.58879551564957,8
E2,char,full,kNN,Instance-based,1,1,4459,1115,0.9547964087746196,0.920863309352518,0.9549712519293106,0.9751240151736212,0.9127428319620174,0.9290126029985966,0.980269058295964,0.87248322147651,965,1,21,128,14.112834300000031,227.274821524727,8
E2,char,full,RandomForest,Ensemble,1,1,4459,1115,0.9696461530922812,0.9469964664310954,0.9824836881798512,0.9950498144983118,0.941051355274712,0.9496644295302014,0.9865470852017936,0.912751677852349,966,0,15,134,46.69529329,129.35475426005755,8
E2,char,full,MultinomialNB,Linear / probabilistic,1,2,4459,1115,0.9825204972644186,0.9696969696969696,0.991603665697648,0.995171398001862,0.9650483357731582,0.981151083135326,0.9919282511210762,0.959731543624161,962,4,5,144,10.164441742000008,84.1918600897183,8
E2,char,full,LogisticRegression,Linear / probabilistic,1,2,4459,1115,0.992164221060325,0.9863945578231292,0.990738381269435,0.9943932635791406,0.9844497725816392,0.9865771812080536,0.9964125560538116,0.9798657718120806,966,0,4,145,11.490323270999966,83.71320358749028,8
E2,char,full,LinearSVM,Kernel (linear),1,2,4459,1115,0.992164221060325,0.9863945578231292,0.9907747315744724,0.994664221101338,0.9844497725816392,0.9865771812080536,0.9964125560538116,0.9798657718120806,966,0,4,145,11.21185562200003,80.88918565021632,8
E2,char,full,kNN,Instance-based,1,2,4459,1115,0.971923652479208,0.951048951048951,0.9784765084369936,0.9884773576778249,0.9449564464078356,0.9558582405824892,0.9874439461883407,0.912751677852349,965,1,13,136,13.701782002999948,241.8894582960635,8
E2,char,full,RandomForest,Ensemble,1,2,4459,1115,0.9821106731628008,0.9688581314878892,0.9947740539921056,0.9986903719760446,0.9648440855638796,0.9697986577181208,0.9919282511210762,0.9731543624161074,966,0,9,140,48.106597729999976,209.34111300454535,8
E2,char,full,MultinomialNB,Linear / probabilistic,1,3,4459,1115,0.9845941278065632,0.9733333333333334,0.9922094682922256,0.99546804835924,0.969188255613126,0.9845941278065632,0.9928251121076234,0.96,961,4,4,146,10.164357203000009,83.12792017936303,8
E2,char,full,LogisticRegression,Linear / probabilistic,1,3,4459,1115,0.9864817820146214,0.9765886287625418,0.9941946231315372,0.9980379965457684,0.972970868117397,0.9851122625215888,0.9937219730941704,0.9666666666666668,962,3,4,146,11.458780306999984,83.01332735430604,8
E2,char,full,LinearSVM,Kernel (linear),1,3,4459,1115,0.9883800908749844,0.9798657718120806,0.9937191069763526,0.9977409326424872,0.9767896517704328,0.9856303972366148,0.9946188340807176,0.96,963,2,4,146,11.661908215999915,88.1168394618212,8
E2,char,full,kNN,Instance-based,1,3,4459,1115,0.978513554942408,0.9627118644067796,0.9693491594647744,0.9827115716753024,0.9572116020870328,0.9717789291882556,0.990134529147982,0.9,962,3,8,142,13.701230469000052,236.1931103138841,8
E2,char,full,RandomForest,Ensemble,1,3,4459,1115,0.9842373863748816,0.9726027397260274,0.9903713847047416,0.9937443868739206,0.9689598439414034,0.9733333333333334,0.9928251121076234,0.96,965,0,8,142,48.61097367299999,175.86222600894698,8
E2,char,full,MultinomialNB,Linear / probabilistic,1,4,4459,1115,0.9561412919098295,0.9236111111111112,0.9709888777071336,0.9876269430051814,0.9133506558895916,0.9407426597582038,0.980269058295964,0.84,960,5,17,133,9.880371416999992,77.07063049333004,8
E2,char,full,LogisticRegression,Linear / probabilistic,1,4,4459,1115,0.9727319097794797,0.9527027027027029,0.983087423881417,0.9921243523316062,0.9455801336935548,0.9674093264248704,0.9874439461883407,0.92,960,5,9,141,11.560315619999985,77.3828286994935,8
E2,char,full,LinearSVM,Kernel (linear),1,4,4459,1115,0.9725747737111372,0.9523809523809524,0.982072652643281,0.9921312607944732,0.9454142349909482,0.9645941278065632,0.9874439461883407,0.9333333333333332,961,4,10,140,11.320348849000084,82.53642152466468,8
E2,char,full,kNN,Instance-based,1,4,4459,1115,0.9428205128205128,0.9,0.9471801937561708,0.9727910189982728,0.8886902165704169,0.9179274611398964,0.9748878923766816,0.74,961,4,24,126,13.53872374499997,210.9611264574184,8
E2,char,full,RandomForest,Ensemble,1,4,4459,1115,0.9575046143291936,0.9257950530035336,0.9756462596609566,0.9921001727115716,0.917225021633452,0.9356303972366148,0.9811659192825112,0.8333333333333334,963,2,19,131,46.35015968500011,124.01452825118788,8
E2,char,full,MultinomialNB,Linear / probabilistic,1,5,4460,1114,0.9783862916809976,0.962457337883959,0.98504350141048,0.9936989254790136,0.9569592206029024,0.9715999582710296,0.9901256732495513,0.9395973154362416,962,3,8,141,10.248828698999889,86.49141202882312,8
E2,char,full,LogisticRegression,Linear / probabilistic,1,5,4460,1114,0.9843263054963454,0.9727891156462584,0.9936618850636296,0.9976701324894808,0.9687724902802988,0.9788295023820288,0.992818671454219,0.959731543624161,963,2,6,143,12.055623598000013,108.30022890488502,8
E2,char,full,LinearSVM,Kernel (linear),1,5,4460,1114,0.9862458219788166,0.9761092150170648,0.9936211475918264,0.9978509580276108,0.97268062294996,0.9793476370970546,0.9937163375224416,0.959731543624161,964,1,6,143,11.52814594000006,80.2834254937534,8
E2,char,full,kNN,Instance-based,1,5,4460,1114,0.9725710346186044,0.9523809523809524,0.9822006234918236,0.992022811837118,0.9452597219373664,0.9672079841429913,0.9874326750448832,0.8389261744966443,960,5,9,140,13.879785282000055,264.37303859963504,8
E2,char,full,RandomForest,Ensemble,1,5,4460,1114,0.9759313806687648,0.958041958041958,0.9898962276520056,0.9965921340890912,0.9529794248733632,0.9597315436241612,0.9892280071813284,0.9328859060402684,965,0,12,137,48.82775663100006,164.90944254938398,8
E2,char,full,MultinomialNB,Linear / probabilistic,2,1,4459,1115,0.9701844552713348,0.9480968858131488,0.9727091574407856,0.9829018855864494,0.9409798185850924,0.9581787485931051,0.9865470852017936,0.912751677852349,963,3,12,137,10.033908102000169,95.54932556060962,8
E2,char,full,LogisticRegression,Linear / probabilistic,2,1,4459,1115,0.9781352671989788,0.9619377162629758,0.978396182170556,0.9874942682062612,0.956889329904284,0.9659253546764488,0.990134529147982,0.9328859060402684,965,1,10,139,11.88833237599988,77.41682869964932,8
E2,char,full,LinearSVM,Kernel (linear),2,1,4459,1115,0.9740065741220608,0.9547038327526132,0.9804259981076028,0.9888698987035724,0.9489425840249646,0.9592139452804758,0.988340807174888,0.9328859060402684,965,1,12,137,11.068882995999957,78.92696860982537,8
E2,char,full,kNN,Instance-based,2,1,4459,1115,0.9509890109890108,0.9142857142857144,0.8582213444092762,0.9279774063112262,0.9044807713238658,0.927977406311226,0.97847533632287,0.0,963,3,21,128,13.982742914000028,216.75348609865745,8
E2,char,full,RandomForest,Ensemble,2,1,4459,1115,0.971754990373898,0.9507042253521126,0.9762610223301224,0.9921769700001388,0.9450380077276552,0.953020134228188,0.9874439461883407,0.9194630872483222,966,0,14,135,47.511196337,168.85684932733278,8
E2,char,full,MultinomialNB,Linear / probabilistic,2,2,4459,1115,0.9643263419836474,0.9379310344827586,0.9731201379418836,0.9904956438367584,0.9291279383699078,0.953787847207748,0.9838565022421524,0.8859060402684564,961,5,13,136,10.558671184999866,78.64871928246642,8
E2,char,full,LogisticRegression,Linear / probabilistic,2,2,4459,1115,0.984145040881621,0.9724137931034482,0.9873654656898186,0.9966512429307876,0.968780763935143,0.9731543624161074,0.9928251121076234,0.9463087248322148,966,0,8,141,11.768046567000056,82.56482242155275,8
E2,char,full,LinearSVM,Kernel (linear),2,2,4459,1115,0.980064223595377,0.9652777777777778,0.9856776000042468,0.996005113454778,0.9608993957778564,0.9664429530201342,0.9910313901345292,0.9463087248322148,966,0,10,139,11.348795033999975,89.77365829612062,8
E2,char,full,kNN,Instance-based,2,2,4459,1115,0.949410255153802,0.911660777385159,0.9671357980702964,0.984145511137049,0.900521386286914,0.930297914321842,0.9775784753363228,0.8389261744966443,961,5,20,129,13.835731918999954,223.1370439462828,8
E2,char,full,RandomForest,Ensemble,2,2,4459,1115,0.956717518729863,0.924187725631769,0.9834230991370544,0.995824475106646,0.9169419402428824,0.929530201342282,0.9811659192825112,0.8926174496644296,966,0,21,128,47.30819433800002,188.44805201803007,8
E2,char,full,MultinomialNB,Linear / probabilistic,2,3,4459,1115,0.9863268076906232,0.976271186440678,0.9978678563807564,0.9996407599309152,0.9728404047862136,0.979481865284974,0.9937219730941704,0.96,964,1,6,144,9.875319691999948,78.78564574007153,8
E2,char,full,LogisticRegression,Linear / probabilistic,2,3,4459,1115,0.988313675619777,0.9797297297297296,0.994425819456046,0.9987910189982728,0.9767465778887532,0.9828151986183074,0.9946188340807176,0.9666666666666668,964,1,5,145,11.573790809999991,83.84094887899954,8
E2,char,full,LinearSVM,Kernel (linear),2,3,4459,1115,0.988313675619777,0.9797297297297296,0.9917282240550724,0.9980379965457684,0.9767465778887532,0.9828151986183074,0.9946188340807176,0.9666666666666668,964,1,5,145,11.302623493000056,81.76672914801466,8
E2,char,full,kNN,Instance-based,2,3,4459,1115,0.9741598612351569,0.9550173010380624,0.9674905849671986,0.9822970639032816,0.94923850865706,0.959481865284974,0.988340807174888,0.92,964,1,12,138,13.741233611000098,216.37246726449337,8
E2,char,full,RandomForest,Ensemble,2,3,4459,1115,0.9842373863748816,0.9726027397260274,0.9945879164399002,0.9985284974093264,0.9689598439414034,0.9733333333333334,0.9928251121076234,0.9733333333333334,965,0,8,142,48.074940610999874,143.84632825102733,8
E2,char,full,MultinomialNB,Linear / probabilistic,2,4,4459,1115,0.9743109868161044,0.9553264604810996,0.9853520426951258,0.9935336787564768,0.949229840104924,0.9622970639032816,0.988340807174888,0.9,963,2,11,139,10.292843565999874,81.30585919278859,8
E2,char,full,LogisticRegression,Linear / probabilistic,2,4,4459,1115,0.980296732968602,0.9657534246575342,0.9918724048006726,0.9969119170984456,0.961075510394044,0.969481865284974,0.9910313901345292,0.9666666666666668,964,1,9,141,11.502085399999942,103.68572017935062,8
E2,char,full,LinearSVM,Kernel (linear),2,4,4459,1115,0.98432844212065,0.9727891156462584,0.9917936547102844,0.9966770293609672,0.9689265815786414,0.9761485319516408,0.9928251121076234,0.96,964,1,7,143,11.625422010999957,88.71903587451301,8
E2,char,full,kNN,Instance-based,2,4,4459,1115,0.9643263419836474,0.9379310344827586,0.955376506039427,0.9752815198618308,0.9293954881962794,0.9512607944732296,0.9838565022421524,0.8733333333333333,961,4,14,136,13.741933891000144,232.67446905824136,8
E2,char,full,RandomForest,Ensemble,2,4,4459,1115,0.9762175613224316,0.9586206896551724,0.9947035113290972,0.9986079447322972,0.9531923950243302,0.9628151986183072,0.989237668161435,0.9666666666666668,964,1,11,139,46.76634162599999,141.52831121089042,8
E2,char,full,MultinomialNB,Linear / probabilistic,2,5,4460,1114,0.9807399723374828,0.9666666666666668,0.991182089697724,0.9967660047988316,0.9615087447231392,0.9834683729178983,0.9910233393177738,0.912751677852349,959,6,4,145,10.186950413999966,79.66929892283108,8
E2,char,full,LogisticRegression,Linear / probabilistic,2,5,4460,1114,0.9941726953637882,0.98989898989899,0.9971195165801946,0.9992349688771428,0.9883528692673504,0.9927704558890008,0.9973070017953322,0.9932885906040269,964,1,2,147,11.79844792599988,84.34988420112876,8
E2,char,full,LinearSVM,Kernel (linear),2,5,4460,1114,0.9961040232779363,0.9932432432432432,0.9971651162153976,0.9992558333623118,0.9922382227355828,0.9932885906040269,0.9982046678635548,0.9932885906040269,965,0,2,147,11.27102968600002,80.91820915617367,8
E2,char,full,kNN,Instance-based,2,5,4460,1114,0.9660040892747191,0.940766550522648,0.9894718499568036,0.9956149807003511,0.9329258436129276,0.9514657300831102,0.9847396768402156,0.8456375838926175,962,3,14,135,14.089335398999992,227.11320915625407,8
E2,char,full,RandomForest,Ensemble,2,5,4460,1114,0.972086197021764,0.9513888888888888,0.994374752390892,0.9986855374343638,0.9449337139646808,0.9586952741941092,0.9874326750448832,0.9194630872483222,963,2,12,137,48.76648067700012,179.71268312393536,8
E2,char,full,MultinomialNB,Linear / probabilistic,3,1,4459,1115,0.9760770683144524,0.9583333333333334,0.9889878445811324,0.9956646796448372,0.952920168032408,0.9625696499784624,0.989237668161435,0.9261744966442952,965,1,11,138,9.93751694799994,79.62939820625522,8
E2,char,full,LogisticRegression,Linear / probabilistic,3,1,4459,1115,0.9822152985649952,0.9690721649484536,0.9906956092184572,0.9967763002487252,0.9648029017335386,0.972636764072422,0.9919282511210762,0.959731543624161,965,1,8,141,11.247536499000034,79.08055067265714,8
E2,char,full,LinearSVM,Kernel (linear),3,1,4459,1115,0.9801813011020264,0.9655172413793104,0.9896863458610607,0.99638028540859,0.960850198822096,0.9692810593744354,0.9910313901345292,0.959731543624161,965,1,9,140,11.189361159999862,81.49436143500145,8
E2,char,full,kNN,Instance-based,3,1,4459,1115,0.9547964087746196,0.920863309352518,0.972359749137876,0.9847707977267358,0.9127428319620174,0.9290126029985966,0.980269058295964,0.912751677852349,965,1,21,128,14.098186369999894,240.1349318385692,8
E2,char,full,RandomForest,Ensemble,3,1,4459,1115,0.9675244294930608,0.9432624113475178,0.9810916695076086,0.9934657551377716,0.9370559132179792,0.9463087248322148,0.9856502242152466,0.9261744966442952,966,0,16,133,46.156328998999925,129.33824304914623,8
E2,char,full,MultinomialNB,Linear / probabilistic,3,2,4459,1115,0.9783892265052216,0.962457337883959,0.9794153359194856,0.9891547514833188,0.9569650389955504,0.9716015673850515,0.990134529147982,0.9463087248322148,963,3,8,141,10.14804440099988,81.50623318374427,8
E2,char,full,LogisticRegression,Linear / probabilistic,3,2,4459,1115,0.9823184580497268,0.969283276450512,0.9798572538170685,0.9859657898759152,0.964824672747125,0.9754748704267232,0.9919282511210762,0.953020134228188,964,2,7,142,11.233056566999949,79.50120358745329,8
E2,char,full,LinearSVM,Kernel (linear),3,2,4459,1115,0.976627351239554,0.9594594594594594,0.9796409807917842,0.9856878847249436,0.953283960283376,0.9739220753956674,0.989237668161435,0.953020134228188,961,5,7,142,11.198608123999977,78.36042780259721,8
E2,char,full,kNN,Instance-based,3,2,4459,1115,0.9641156024716786,0.9375,0.973125738014986,0.9849792265899648,0.9289824847960636,0.9509497408534467,0.9838565022421524,0.8926174496644296,962,4,14,135,13.947782078000046,226.47173901336603,8
E2,char,full,RandomForest,Ensemble,3,2,4459,1115,0.971754990373898,0.9507042253521126,0.9855123733599828,0.9955500437700612,0.9450380077276552,0.953020134228188,0.9874439461883407,0.9261744966442952,966,0,14,135,48.63635827500002,167.6377542600937,8
E2,char,full,MultinomialNB,Linear / probabilistic,3,3,4459,1115,0.9762175613224316,0.9586206896551724,0.9846153576080008,0.9939136442141624,0.9531923950243302,0.9628151986183072,0.989237668161435,0.9333333333333332,964,1,11,139,10.12227274099996,80.31636591924668,8
E2,char,full,LogisticRegression,Linear / probabilistic,3,3,4459,1115,0.9822152985649952,0.9690721649484536,0.9935351284095912,0.9985561312607945,0.9650462001260992,0.97,0.9919282511210762,0.96,965,0,9,141,11.515197757000124,80.73396322875614,8
E2,char,full,LinearSVM,Kernel (linear),3,3,4459,1115,0.9801813011020264,0.9655172413793104,0.9938711410327224,0.9986735751295336,0.9611246973003472,0.9666666666666668,0.9910313901345292,0.96,965,0,10,140,11.298600603000068,84.0475928250797,8
E2,char,full,kNN,Instance-based,3,3,4459,1115,0.9634649831796932,0.9361702127659576,0.9515408097113482,0.972421416234888,0.929454712760244,0.94,0.9838565022421524,0.9133333333333332,965,0,18,132,13.693973999000036,229.96090044844624,8
E2,char,full,RandomForest,Ensemble,3,3,4459,1115,0.9634649831796932,0.9361702127659576,0.9897805223764152,0.9972918825561312,0.929454712760244,0.94,0.9838565022421524,0.94,965,0,18,132,48.16951520899988,171.91339013453978,8
E2,char,full,MultinomialNB,Linear / probabilistic,3,4,4459,1115,0.969188255613126,0.9466666666666668,0.9820905850185316,0.9938791018998272,0.9383765112262522,0.969188255613126,0.9856502242152466,0.8466666666666667,957,8,8,142,9.904006179000136,77.06608520179279,8
E2,char,full,LogisticRegression,Linear / probabilistic,3,4,4459,1115,0.982619434018799,0.9698996655518396,0.994360761296304,0.9987495682210707,0.9652461278870432,0.9812607944732296,0.9919282511210762,0.9333333333333332,961,4,5,145,11.477794665000149,79.96539641256851,8
E2,char,full,LinearSVM,Kernel (linear),3,4,4459,1115,0.9845067878333124,0.9731543624161074,0.9941011830968082,0.9986943005181348,0.9690428670650908,0.9817789291882556,0.9928251121076234,0.9466666666666668,962,3,5,145,11.450586583999891,80.19514529133944,8
E2,char,full,kNN,Instance-based,3,4,4459,1115,0.958743068782696,0.9283276450511946,0.9250287765534988,0.9641727115716754,0.9178404417609942,0.949706390328152,0.9811659192825112,0.0,958,7,14,136,13.717040692999944,217.31384304932092,8
E2,char,full,RandomForest,Ensemble,3,4,4459,1115,0.986247689594232,0.9761092150170648,0.993173074647381,0.99853195164076,0.972865748220358,0.9766666666666668,0.9937219730941704,0.96,965,0,7,143,48.11169202199994,198.29396950679703,8
E2,char,full,MultinomialNB,Linear / probabilistic,3,5,4460,1114,0.9806308029349377,0.9664429530201344,0.9857465222802196,0.9926974301909102,0.9612616058698752,0.9806308029349377,0.9910233393177738,0.9395973154362416,960,5,5,144,9.985367171999997,82.37421543991941,8
E2,char,full,LogisticRegression,Linear / probabilistic,3,5,4460,1114,0.9921631527481728,0.9863945578231292,0.9892284598441616,0.9965225858051951,0.9844476691755872,0.9865771812080536,0.9964093357271095,0.9731543624161074,965,0,4,145,11.76766955400035,80.51276391390267,8
E2,char,full,LinearSVM,Kernel (linear),3,5,4460,1114,0.9901755871277262,0.9829351535836176,0.9887154906869644,0.996153979900546,0.9805413241234888,0.9832214765100672,0.9955116696588868,0.9731543624161074,965,0,5,144,11.259073642999738,78.60856912051878,8
E2,char,full,kNN,Instance-based,3,5,4460,1114,0.9686526109926908,0.9455782312925172,0.9611344021140162,0.9784469868206002,0.9374221324897224,0.9633341447299788,0.985637342908438,0.87248322147651,959,6,10,139,13.47289294600023,216.56096858136888,8
E2,char,full,RandomForest,Ensemble,3,5,4460,1114,0.9821082818347132,0.9688581314878892,0.99053097449198,0.9964495601071044,0.9648394709580752,0.9697986577181208,0.9919210053859964,0.959731543624161,965,0,9,140,48.59225847400012,167.1473617594101,8
E3,word,deduplicated,MultinomialNB,Linear / probabilistic,1,1,4104,1026,0.9743259013574104,0.9547325102880658,0.980945270097038,0.9923196448390676,0.9491642732917946,0.9628901220865704,0.9892787524366472,0.928,899,2,9,116,1.95807145200024,16.76920857672799,8
E3,word,deduplicated,LogisticRegression,Linear / probabilistic,1,1,4104,1026,0.9743259013574104,0.9547325102880658,0.9872775724799816,0.993118756936737,0.9491642732917946,0.9628901220865704,0.9892787524366472,0.928,899,2,9,116,2.124261070999637,14.360203703579591,8
E3,word,deduplicated,LinearSVM,Kernel (linear),1,1,4104,1026,0.9773809523809524,0.9603174603174603,0.9873602195855884,0.993136514983352,0.954801383533094,0.9806703662597114,0.9902534113060428,0.928,895,6,4,121,2.123088814000312,14.222823586583546,8
E3,word,deduplicated,kNN,Instance-based,1,1,4104,1026,0.961696408571642,0.9322033898305084,0.9375842121725956,0.9702286348501664,0.9255075138919504,0.9394450610432852,0.9844054580896686,0.88,900,1,15,110,2.96232745,57.54913937621842,8
E3,word,deduplicated,RandomForest,Ensemble,1,1,4104,1026,0.9674397939939068,0.9426229508196722,0.9771849420364884,0.9893629300776916,0.9352491451102284,0.9577802441731408,0.98635477582846,0.872,897,4,10,115,23.371073910000003,52.344923976604704,8
E3,word,deduplicated,MultinomialNB,Linear / probabilistic,1,2,4104,1026,0.9743259013574104,0.9547325102880658,0.9774425991136412,0.9899823633156966,0.949499267078454,0.9597619047619048,0.9892787524366472,0.9285714285714286,899,1,10,116,1.9556380929999972,17.3386208577034,8
E3,word,deduplicated,LogisticRegression,Linear / probabilistic,1,2,4104,1026,0.9794318705771504,0.963855421686747,0.9867347823400576,0.9973544973544972,0.9589547183771792,0.9745238095238096,0.9912280701754386,0.9126984126984128,897,3,6,120,2.1042353070000037,16.59177680311648,8
E3,word,deduplicated,LinearSVM,Kernel (linear),1,2,4104,1026,0.9770670910521422,0.9596774193548387,0.9866037292827304,0.9972045855379188,0.9542964265939342,0.9705555555555556,0.9902534113060428,0.9206349206349206,897,3,7,119,2.1829149200000018,14.892262183234562,8
E3,word,deduplicated,kNN,Instance-based,1,2,4104,1026,0.9331313740872608,0.8810572687224669,0.9684653693689608,0.9848985890652556,0.873164339579322,0.8962698412698413,0.9736842105263158,0.9285714285714286,899,1,26,100,2.7048767420000037,52.96697855750801,8
E3,word,deduplicated,RandomForest,Ensemble,1,2,4104,1026,0.9625222592575682,0.9338842975206612,0.9829216081941764,0.9956701940035272,0.9260779328924152,0.9467460317460318,0.9844054580896686,0.8412698412698413,897,3,13,113,23.955602949999992,57.02398635477086,8
E3,word,deduplicated,MultinomialNB,Linear / probabilistic,1,3,4104,1026,0.9572234627037144,0.9243697478991596,0.9611294556736883,0.981252204585538,0.9165151998968872,0.9353968253968254,0.9824561403508772,0.8492063492063492,898,2,16,110,2.0062566090000047,16.159696881101336,8
E3,word,deduplicated,LogisticRegression,Linear / probabilistic,1,3,4104,1026,0.9622516556291392,0.9333333333333332,0.9664713114550684,0.9859611992945324,0.9260129588726068,0.9433333333333334,0.9844054580896686,0.8174603174603174,898,2,14,112,2.0784245959999907,14.031392787521815,8
E3,word,deduplicated,LinearSVM,Kernel (linear),1,3,4104,1026,0.9619764112921904,0.9327731092436976,0.972402654710693,0.989779541446208,0.9260378696734316,0.9399206349206348,0.9844054580896686,0.8809523809523809,899,1,15,111,2.132248985000004,15.030811890825223,8
E3,word,deduplicated,kNN,Instance-based,1,3,4104,1026,0.9390230856458204,0.8917748917748918,0.926596807106868,0.9618386243386244,0.8828085451226788,0.9076190476190475,0.9756335282651072,0.8095238095238095,898,2,23,103,2.7842918159999925,60.69704191033394,8
E3,word,deduplicated,RandomForest,Ensemble,1,3,4104,1026,0.9546814520347316,0.919831223628692,0.9666703424086456,0.9892592592592592,0.9117449981794096,0.9314285714285716,0.9814814814814816,0.8650793650793651,898,2,17,109,24.032723405,51.09673586744884,8
E3,word,deduplicated,MultinomialNB,Linear / probabilistic,1,4,4104,1026,0.9597467846122956,0.9288702928870292,0.9661833632080792,0.989400352733686,0.921271102284288,0.9393650793650794,0.9834307992202728,0.8650793650793651,898,2,15,111,1.8984003679999968,14.95067933723714,8
E3,word,deduplicated,LogisticRegression,Linear / probabilistic,1,4,4104,1026,0.9608779032601747,0.931174089068826,0.967269021623862,0.9895326278659612,0.922004344596131,0.953015873015873,0.9834307992202728,0.873015873015873,894,6,11,115,2.057890162999996,14.995309941530634,8
E3,word,deduplicated,LinearSVM,Kernel (linear),1,4,4104,1026,0.9622516556291392,0.9333333333333332,0.9692180265935768,0.9904938271604936,0.9260129588726068,0.9433333333333334,0.9844054580896686,0.8888888888888888,898,2,14,112,2.1210244250000017,15.172258284600712,8
E3,word,deduplicated,kNN,Instance-based,1,4,4104,1026,0.9358552631578948,0.8859649122807017,0.9017121333582636,0.94994708994709,0.8780492463983619,0.9002380952380953,0.9746588693957114,0.8095238095238095,899,1,25,101,2.9357554520000093,60.865153996103984,8
E3,word,deduplicated,RandomForest,Ensemble,1,4,4104,1026,0.9339403973509934,0.8833333333333333,0.9541061609096824,0.9785537918871252,0.8693182879212226,0.9161904761904762,0.97270955165692,0.8253968253968254,892,8,20,106,21.782053965999992,51.26186842105445,8
E3,word,deduplicated,MultinomialNB,Linear / probabilistic,1,5,4104,1026,0.9696578834223942,0.9465020576131687,0.9735384768912702,0.9897442680776012,0.9401567056727106,0.9552380952380952,0.9873294346978556,0.9047619047619048,898,2,11,115,1.831734931,16.467527290449635,8
E3,word,deduplicated,LogisticRegression,Linear / probabilistic,1,5,4104,1026,0.9592857142857144,0.9285714285714286,0.9728716493774452,0.9907760141093472,0.9185714285714286,0.9592857142857144,0.9824561403508772,0.8809523809523809,891,9,9,117,2.0160666769999978,15.22557212474948,8
E3,word,deduplicated,LinearSVM,Kernel (linear),1,5,4104,1026,0.9678939274729992,0.9435483870967742,0.9741456869992068,0.990811287477954,0.9359476675061102,0.9615079365079364,0.98635477582846,0.8809523809523809,895,5,9,117,1.9950247730000117,15.45556237816628,8
E3,word,deduplicated,kNN,Instance-based,1,5,4104,1026,0.9502754398151888,0.9121338912133892,0.9416651831006548,0.969453262786596,0.9022998404236652,0.9303174603174604,0.97953216374269,0.6984126984126984,896,4,17,109,2.7010596040000223,61.46957894735253,8
E3,word,deduplicated,RandomForest,Ensemble,1,5,4104,1026,0.9562753036437248,0.9230769230769232,0.974019888185578,0.9938095238095236,0.912797223425497,0.9484920634920636,0.9814814814814816,0.873015873015873,893,7,12,114,23.36535825499999,51.992571150089056,8
E3,word,deduplicated,MultinomialNB,Linear / probabilistic,2,1,4104,1026,0.976407284768212,0.9583333333333334,0.9721185388065527,0.9862641509433964,0.9538874186529168,0.96,0.9902534113060428,0.92,901,0,10,115,1.9560883069999877,14.939911306057404,8
E3,word,deduplicated,LogisticRegression,Linear / probabilistic,2,1,4104,1026,0.9724805092625708,0.9516129032258064,0.9749882868106832,0.9899311875693674,0.9450012702114112,0.969225305216426,0.9883040935672516,0.912,896,5,7,118,2.179863232999992,15.663547758279025,8
E3,word,deduplicated,LinearSVM,Kernel (linear),2,1,4104,1026,0.9698722654529438,0.946938775510204,0.9780987041763668,0.9921243063263042,0.940000370636908,0.9617802441731408,0.9873294346978556,0.912,897,4,9,116,2.259169312000012,21.969747563356965,8
E3,word,deduplicated,kNN,Instance-based,2,1,4104,1026,0.9565879664889566,0.9230769230769232,0.931536976566517,0.966361820199778,0.9159567819803652,0.9314450610432852,0.9824561403508772,0.88,900,1,17,108,3.100488117999987,69.79210233917436,8
E3,word,deduplicated,RandomForest,Ensemble,2,1,4104,1026,0.9674397939939068,0.9426229508196722,0.9768541737544592,0.993163152053274,0.9352491451102284,0.9577802441731408,0.98635477582846,0.896,897,4,10,115,23.63334223999999,36.74614717347299,8
E3,word,deduplicated,MultinomialNB,Linear / probabilistic,2,2,4104,1026,0.9722874969613484,0.951219512195122,0.9898844335048916,0.9973192239858908,0.9449423453051536,0.9626190476190476,0.9883040935672516,0.8650793650793651,897,3,9,117,2.040468574999977,16.609608187128888,8
E3,word,deduplicated,LogisticRegression,Linear / probabilistic,2,2,4104,1026,0.977684785634744,0.9609375,0.9918712281247288,0.9984920634920634,0.9555233885343188,0.9842063492063492,0.9902534113060428,0.8968253968253969,893,7,3,123,2.1334704179999733,14.704217348922048,8
E3,word,deduplicated,LinearSVM,Kernel (linear),2,2,4104,1026,0.9773809523809524,0.9603174603174603,0.9935670895565184,0.9988007054673722,0.9547619047619048,0.9773809523809524,0.9902534113060428,0.9206349206349206,895,5,5,121,2.4517819120000013,17.521526315791345,8
E3,word,deduplicated,kNN,Instance-based,2,2,4104,1026,0.9469408479309468,0.905982905982906,0.9546625133697236,0.9782275132275132,0.8973459732020601,0.9195238095238096,0.9785575048732944,0.7142857142857143,898,2,20,106,2.9558833259999915,62.2699122806923,8
E3,word,deduplicated,RandomForest,Ensemble,2,2,4104,1026,0.9559671572004562,0.9224489795918368,0.9854122215366738,0.9977336860670194,0.9124243326011432,0.9450793650793652,0.9814814814814816,0.8333333333333334,894,6,13,113,23.928154330999973,52.73976315790382,8
E3,word,deduplicated,MultinomialNB,Linear / probabilistic,2,3,4104,1026,0.9465422508525956,0.9051724137931034,0.971007265280028,0.9884920634920634,0.8974267058488931,0.9161111111111112,0.9785575048732944,0.8412698412698413,899,1,21,105,1.9813663809999864,17.5922680312026,8
E3,word,deduplicated,LogisticRegression,Linear / probabilistic,2,3,4104,1026,0.9597467846122956,0.9288702928870292,0.9675178715504604,0.9859964726631394,0.921271102284288,0.9393650793650794,0.9834307992202728,0.8809523809523809,898,2,15,111,2.1204759089999925,16.454047758257875,8
E3,word,deduplicated,LinearSVM,Kernel (linear),2,3,4104,1026,0.9647383096842486,0.9377593360995852,0.9687807707459706,0.9873721340388008,0.9307410175561692,0.9473015873015872,0.9853801169590644,0.8809523809523809,898,2,13,113,2.1010849310000026,14.39393469786321,8
E3,word,deduplicated,kNN,Instance-based,2,3,4104,1026,0.930921052631579,0.8771929824561403,0.9010590939415812,0.9462874779541446,0.8681248349280651,0.8957142857142857,0.97270955165692,0.7301587301587301,898,2,26,100,2.651078939999991,51.480096491245575,8
E3,word,deduplicated,RandomForest,Ensemble,2,3,4104,1026,0.9399290389817212,0.8936170212765957,0.9471148492173184,0.9756834215167548,0.882886606375398,0.9144444444444444,0.9756335282651072,0.7222222222222222,896,4,21,105,22.869804491999982,61.59060136448164,8
E3,word,deduplicated,MultinomialNB,Linear / probabilistic,2,4,4104,1026,0.9698722654529438,0.946938775510204,0.9726641130927092,0.9910185185185184,0.940246115924038,0.9586507936507936,0.9873294346978556,0.9047619047619048,897,3,10,116,1.9575196920000053,14.273574074060754,8
E3,word,deduplicated,LogisticRegression,Linear / probabilistic,2,4,4104,1026,0.9743259013574104,0.9547325102880658,0.975409413144798,0.9921649029982362,0.949499267078454,0.9597619047619048,0.9892787524366472,0.9206349206349206,899,1,10,116,2.028020021000032,16.107554580934337,8
E3,word,deduplicated,LinearSVM,Kernel (linear),2,4,4104,1026,0.9741414271017824,0.9543568464730292,0.9749075636800792,0.991953262786596,0.9495672198275324,0.9563492063492064,0.9892787524366472,0.9285714285714286,900,0,11,115,2.145598069000016,15.419837231927117,8
E3,word,deduplicated,kNN,Instance-based,2,4,4104,1026,0.9622516556291392,0.9333333333333332,0.9278598190878176,0.9591534391534392,0.9260129588726068,0.9433333333333334,0.9844054580896686,0.873015873015873,898,2,14,112,2.621154897999986,50.43325146202928,8
E3,word,deduplicated,RandomForest,Ensemble,2,4,4104,1026,0.9578375416647642,0.9256198347107438,0.9701282461122162,0.986468253968254,0.9167003450127088,0.9422222222222222,0.9824561403508772,0.8492063492063492,896,4,14,112,22.17159624499999,37.800451267083375,8
E3,word,deduplicated,MultinomialNB,Linear / probabilistic,2,5,4104,1026,0.9553351922667148,0.921161825726141,0.9604883641234366,0.9846031746031746,0.911914815284806,0.9382539682539682,0.9814814814814816,0.8650793650793651,896,4,15,111,1.9676676290000048,15.227896686168728,8
E3,word,deduplicated,LogisticRegression,Linear / probabilistic,2,5,4104,1026,0.961415857945232,0.9322709163346612,0.9720336065562696,0.9914285714285714,0.9228413943356754,0.95984126984127,0.9834307992202728,0.8650793650793651,892,8,9,117,2.075105887999996,13.640772904474614,8
E3,word,deduplicated,LinearSVM,Kernel (linear),2,5,4104,1026,0.9584312454420224,0.926829268292683,0.9716063221632424,0.9906084656084656,0.9172214427408748,0.949047619047619,0.9824561403508772,0.8571428571428571,894,6,12,114,2.258125728999971,15.304979532134135,8
E3,word,deduplicated,kNN,Instance-based,2,5,4104,1026,0.9297968274791366,0.8755364806866953,0.9128810783155332,0.9527380952380952,0.8633676722266611,0.901984126984127,0.9717348927875245,0.7301587301587301,895,5,24,102,2.988933531999976,61.80923294344346,8
E3,word,deduplicated,RandomForest,Ensemble,2,5,4104,1026,0.9516727040272748,0.9149797570850202,0.968923803302918,0.9929541446208112,0.9035901022548628,0.943968253968254,0.97953216374269,0.8253968253968254,892,8,13,113,23.633025076000024,51.70798538014615,8
E3,word,deduplicated,MultinomialNB,Linear / probabilistic,3,1,4104,1026,0.9698722654529438,0.946938775510204,0.9749806261909124,0.9909034406215316,0.940000370636908,0.9617802441731408,0.9873294346978556,0.928,897,4,9,116,1.854523835000009,14.399659844071742,8
E3,word,deduplicated,LogisticRegression,Linear / probabilistic,3,1,4104,1026,0.9633073456834276,0.935483870967742,0.9809046499427962,0.995431742508324,0.9266543351591958,0.9601154273029968,0.9844054580896686,0.864,894,7,9,116,2.1058958090000037,14.36324951269112,8
E3,word,deduplicated,LinearSVM,Kernel (linear),3,1,4104,1026,0.965719784295251,0.9397590361445785,0.9802468365683654,0.995085460599334,0.931449450886284,0.9641154273029968,0.9853801169590644,0.848,894,7,8,117,2.09094716300001,13.46739766081759,8
E3,word,deduplicated,kNN,Instance-based,3,1,4104,1026,0.9569084596430972,0.923728813559322,0.93977669328733,0.9669522752497224,0.915914437069673,0.9348901220865704,0.9824561403508772,0.872,899,2,16,109,2.7819150130000025,54.90849317736416,8
E3,word,deduplicated,RandomForest,Ensemble,3,1,4104,1026,0.9584312454420224,0.926829268292683,0.9756066144240546,0.9897891231964484,0.9170219885303964,0.9521154273029968,0.9824561403508772,0.84,894,7,11,114,23.068481472999963,72.38721637423751,8
E3,word,deduplicated,MultinomialNB,Linear / probabilistic,3,2,4104,1026,0.9722874969613484,0.951219512195122,0.983054704124806,0.9961287477954144,0.9449423453051536,0.9626190476190476,0.9883040935672516,0.9285714285714286,897,3,9,117,2.1519373969999838,16.05371832358835,8
E3,word,deduplicated,LogisticRegression,Linear / probabilistic,3,2,4104,1026,0.9654805028766248,0.9392712550607288,0.9872097845015184,0.9966490299823632,0.9312114657667652,0.9575396825396824,0.9853801169590644,0.9126984126984128,895,5,10,116,2.086913935999973,15.331688109177884,8
E3,word,deduplicated,LinearSVM,Kernel (linear),3,2,4104,1026,0.9724805092625708,0.9516129032258064,0.9893802489043888,0.997389770723104,0.9451220470500222,0.966031746031746,0.9883040935672516,0.8968253968253969,896,4,8,118,2.1387133360000234,15.166090643318892,8
E3,word,deduplicated,kNN,Instance-based,3,2,4104,1026,0.955011112213742,0.9205020920502092,0.9763639498544786,0.9898765432098764,0.9117854713539768,0.9348412698412698,0.9814814814814816,0.8095238095238095,897,3,16,110,2.660669122999991,60.61106140353041,8
E3,word,deduplicated,RandomForest,Ensemble,3,2,4104,1026,0.9568765471152592,0.9243027888446216,0.9856292778797916,0.9970546737213404,0.913762699223985,0.9553174603174605,0.9814814814814816,0.8650793650793651,891,9,10,116,23.753415699000016,51.66569200777246,8
E3,word,deduplicated,MultinomialNB,Linear / probabilistic,3,3,4104,1026,0.9521205107145524,0.9152542372881356,0.9600941035921232,0.9824162257495592,0.9069602377771314,0.9274603174603174,0.9805068226120858,0.8492063492063492,898,2,18,108,1.9394791060000216,19.18859746590766,8
E3,word,deduplicated,LogisticRegression,Linear / probabilistic,3,3,4104,1026,0.9644824570108492,0.9372384937238494,0.963669901207908,0.980432098765432,0.9307567332145996,0.9438888888888888,0.9853801169590644,0.9047619047619048,899,1,14,112,2.159747675999995,14.873685185163469,8
E3,word,deduplicated,LinearSVM,Kernel (linear),3,3,4104,1026,0.9694398683930154,0.946058091286307,0.9703309603261394,0.9843386243386244,0.9401541186918508,0.9518253968253968,0.9873294346978556,0.9126984126984128,899,1,12,114,2.1491707329999485,15.019270955163895,8
E3,word,deduplicated,kNN,Instance-based,3,3,4104,1026,0.9254136416946952,0.8672566371681416,0.924246500407416,0.9609832451499116,0.8582502668326755,0.8877777777777778,0.9707602339181286,0.6666666666666666,898,2,28,98,2.7242157370000086,60.23634015598813,8
E3,word,deduplicated,RandomForest,Ensemble,3,3,4104,1026,0.95945182550476,0.9282700421940928,0.9563309868958688,0.9826455026455028,0.9213052382265444,0.935952380952381,0.9834307992202728,0.8809523809523809,899,1,16,110,22.522946702000013,34.93372514618053,8
E3,word,deduplicated,MultinomialNB,Linear / probabilistic,3,4,4104,1026,0.9517644072099518,0.9145299145299144,0.9467258131569936,0.9764902998236332,0.9070222351151356,0.924047619047619,0.9805068226120858,0.8492063492063492,899,1,19,107,2.0558193319999987,16.309258284609243,8
E3,word,deduplicated,LogisticRegression,Linear / probabilistic,3,4,4104,1026,0.9559671572004562,0.9224489795918368,0.960292159669139,0.9861199294532628,0.9124243326011432,0.9450793650793652,0.9814814814814816,0.8650793650793651,894,6,13,113,2.072070999000005,15.446596491194716,8
E3,word,deduplicated,LinearSVM,Kernel (linear),3,4,4104,1026,0.9597467846122956,0.9288702928870292,0.9593255431010456,0.9854585537918872,0.921271102284288,0.9393650793650794,0.9834307992202728,0.8571428571428571,898,2,15,111,2.1939387880000254,14.39033625731053,8
E3,word,deduplicated,kNN,Instance-based,3,4,4104,1026,0.9298413566739606,0.875,0.916630666101112,0.9566049382716046,0.8685104172245639,0.8888888888888888,0.97270955165692,0.7857142857142857,900,0,28,98,2.8751257160000137,61.74069395707923,8
E3,word,deduplicated,RandomForest,Ensemble,3,4,4104,1026,0.947717565526762,0.907563025210084,0.9594211944406246,0.9885008818342153,0.8974698603437984,0.9263492063492064,0.9785575048732944,0.8412698412698413,896,4,18,108,23.82934854499996,53.47769395715788,8
E3,word,deduplicated,MultinomialNB,Linear / probabilistic,3,5,4104,1026,0.9672069768503722,0.9421487603305784,0.9853908189342712,0.9946604938271606,0.9354555207721216,0.9512698412698412,0.98635477582846,0.9047619047619048,898,2,12,114,1.956759639999973,15.260194931775011,8
E3,word,deduplicated,LogisticRegression,Linear / probabilistic,3,5,4104,1026,0.9728571428571428,0.9523809523809524,0.983331089128107,0.9957186948853616,0.9457142857142856,0.9728571428571428,0.9883040935672516,0.9047619047619048,894,6,6,120,2.106677448000028,16.257334307963948,8
E3,word,deduplicated,LinearSVM,Kernel (linear),3,5,4104,1026,0.9745073015371064,0.9551020408163264,0.9818213356563044,0.9941181657848324,0.9495200436983364,0.9631746031746032,0.9892787524366472,0.9285714285714286,898,2,9,117,2.166282178000017,14.8884142300253,8
E3,word,deduplicated,kNN,Instance-based,3,5,4104,1026,0.9572234627037144,0.9243697478991596,0.9332251911950536,0.9628483245149912,0.9165151998968872,0.9353968253968254,0.9824561403508772,0.8492063492063492,898,2,16,110,2.9382858089999786,60.18088499026117,8
E3,word,deduplicated,RandomForest,Ensemble,3,5,4104,1026,0.9694398683930154,0.946058091286307,0.975396911003132,0.9890123456790124,0.9401541186918508,0.9518253968253968,0.9873294346978556,0.9047619047619048,899,1,12,114,23.258648744000027,53.122560428806665,8
E1,word,full,MajorityBaseline(all-ham),Baseline,"<bound method Series.repeat of experiment                                    E1
representation                              word
corpus                                      full
algorithm                          MultinomialNB
family                    Linear / probabilistic
repeat                                         1
fold                                           1
n_train                                     4459
n_test                                      1115
macro_f1                                0.963685
spam_f1                                  0.93662
pr_auc                                   0.97465
roc_auc                                 0.990364
mcc                                     0.928878
balanced_accuracy                       0.945274
accuracy                                0.983857
recall_at_99_precision                  0.885906
tn                                           964
fp                                             2
fn                                            16
tp                                           133
train_time_s                             2.12736
predict_ms_per_1000                    19.123941
n_configs                                      8
Name: 0, dtype: object>",1,4459,1115,0.4641999038923595,0.0,0.1336322869955157,0.5,0.0,0.5,0.8663677130044843,0.0,966,0,149,0,0.0,0.0,0
E1,word,full,MajorityBaseline(all-ham),Baseline,"<bound method Series.repeat of experiment                                    E1
representation                              word
corpus                                      full
algorithm                          MultinomialNB
family                    Linear / probabilistic
repeat                                         1
fold                                           2
n_train                                     4459
n_test                                      1115
macro_f1                                0.980064
spam_f1                                 0.965278
pr_auc                                  0.982125
roc_auc                                 0.990259
mcc                                     0.960899
balanced_accuracy                       0.966443
accuracy                                0.991031
recall_at_99_precision                  0.939597
tn                                           966
fp                                             0
fn                                            10
tp                                           139
train_time_s                             2.09734
predict_ms_per_1000                    17.837833
n_configs                                      8
Name: 5, dtype: object>",2,4459,1115,0.4641999038923595,0.0,0.1336322869955157,0.5,0.0,0.5,0.8663677130044843,0.0,966,0,149,0,0.0,0.0,0
E1,word,full,MajorityBaseline(all-ham),Baseline,"<bound method Series.repeat of experiment                                    E1
representation                              word
corpus                                      full
algorithm                          MultinomialNB
family                    Linear / probabilistic
repeat                                         1
fold                                           3
n_train                                     4459
n_test                                      1115
macro_f1                                0.976356
spam_f1                                 0.958904
pr_auc                                  0.987156
roc_auc                                 0.995952
mcc                                     0.953191
balanced_accuracy                        0.96563
accuracy                                0.989238
recall_at_99_precision                  0.913333
tn                                           963
fp                                             2
fn                                            10
tp                                           140
train_time_s                            2.087668
predict_ms_per_1000                     15.64693
n_configs                                      8
Name: 10, dtype: object>",3,4459,1115,0.46394230769230765,0.0,0.13452914798206278,0.5,0.0,0.5,0.8654708520179372,0.0,965,0,150,0,0.0,0.0,0
E1,word,full,MajorityBaseline(all-ham),Baseline,"<bound method Series.repeat of experiment                                    E1
representation                              word
corpus                                      full
algorithm                          MultinomialNB
family                    Linear / probabilistic
repeat                                         1
fold                                           4
n_train                                     4459
n_test                                      1115
macro_f1                                 0.95965
spam_f1                                 0.929577
pr_auc                                  0.969376
roc_auc                                 0.986225
mcc                                     0.921257
balanced_accuracy                       0.938964
accuracy                                0.982063
recall_at_99_precision                  0.866667
tn                                           963
fp                                             2
fn                                            18
tp                                           132
train_time_s                            2.077782
predict_ms_per_1000                    15.098348
n_configs                                      8
Name: 15, dtype: object>",4,4459,1115,0.46394230769230765,0.0,0.13452914798206278,0.5,0.0,0.5,0.8654708520179372,0.0,965,0,150,0,0.0,0.0,0
E1,word,full,MajorityBaseline(all-ham),Baseline,"<bound method Series.repeat of experiment                                    E1
representation                              word
corpus                                      full
algorithm                          MultinomialNB
family                    Linear / probabilistic
repeat                                         1
fold                                           5
n_train                                     4460
n_test                                      1114
macro_f1                                 0.97826
spam_f1                                 0.962199
pr_auc                                  0.985449
roc_auc                                 0.993602
mcc                                      0.95689
balanced_accuracy                       0.968762
accuracy                                0.990126
recall_at_99_precision                  0.919463
tn                                           963
fp                                             2
fn                                             9
tp                                           140
train_time_s                             2.08768
predict_ms_per_1000                     15.08059
n_configs                                      8
Name: 20, dtype: object>",5,4460,1114,0.4641654641654642,0.0,0.13375224416517056,0.5,0.0,0.5,0.8662477558348295,0.0,965,0,149,0,0.0,0.0,0
E1,word,full,MajorityBaseline(all-ham),Baseline,"<bound method Series.repeat of experiment                                    E1
representation                              word
corpus                                      full
algorithm                          MultinomialNB
family                    Linear / probabilistic
repeat                                         2
fold                                           1
n_train                                     4459
n_test                                      1115
macro_f1                                0.971755
spam_f1                                 0.950704
pr_auc                                   0.96156
roc_auc                                 0.979164
mcc                                     0.945038
balanced_accuracy                        0.95302
accuracy                                0.987444
recall_at_99_precision                  0.926174
tn                                           966
fp                                             0
fn                                            14
tp                                           135
train_time_s                            2.135573
predict_ms_per_1000                     16.63141
n_configs                                      8
Name: 25, dtype: object>",1,4459,1115,0.4641999038923595,0.0,0.1336322869955157,0.5,0.0,0.5,0.8663677130044843,0.0,966,0,149,0,0.0,0.0,0
E1,word,full,MajorityBaseline(all-ham),Baseline,"<bound method Series.repeat of experiment                                    E1
representation                              word
corpus                                      full
algorithm                          MultinomialNB
family                    Linear / probabilistic
repeat                                         2
fold                                           2
n_train                                     4459
n_test                                      1115
macro_f1                                0.963465
spam_f1                                  0.93617
pr_auc                                  0.972839
roc_auc                                  0.98994
mcc                                     0.928924
balanced_accuracy                       0.942435
accuracy                                0.983857
recall_at_99_precision                  0.885906
tn                                           965
fp                                             1
fn                                            17
tp                                           132
train_time_s                            2.092086
predict_ms_per_1000                    16.826247
n_configs                                      8
Name: 30, dtype: object>",2,4459,1115,0.4641999038923595,0.0,0.1336322869955157,0.5,0.0,0.5,0.8663677130044843,0.0,966,0,149,0,0.0,0.0,0
E1,word,full,MajorityBaseline(all-ham),Baseline,"<bound method Series.repeat of experiment                                    E1
representation                              word
corpus                                      full
algorithm                          MultinomialNB
family                    Linear / probabilistic
repeat                                         2
fold                                           3
n_train                                     4459
n_test                                      1115
macro_f1                                0.972415
spam_f1                                 0.952055
pr_auc                                  0.982516
roc_auc                                 0.995606
mcc                                     0.945307
balanced_accuracy                       0.961779
accuracy                                0.987444
recall_at_99_precision                  0.893333
tn                                           962
fp                                             3
fn                                            11
tp                                           139
train_time_s                            2.080642
predict_ms_per_1000                    15.527109
n_configs                                      8
Name: 35, dtype: object>",3,4459,1115,0.46394230769230765,0.0,0.13452914798206278,0.5,0.0,0.5,0.8654708520179372,0.0,965,0,150,0,0.0,0.0,0
E1,word,full,MajorityBaseline(all-ham),Baseline,"<bound method Series.repeat of experiment                                    E1
representation                              word
corpus                                      full
algorithm                          MultinomialNB
family                    Linear / probabilistic
repeat                                         2
fold                                           4
n_train                                     4459
n_test                                      1115
macro_f1                                0.970184
spam_f1                                 0.948097
pr_auc                                  0.975143
roc_auc                                 0.990456
mcc                                     0.941282
balanced_accuracy                        0.95563
accuracy                                0.986547
recall_at_99_precision                  0.913333
tn                                           963
fp                                             2
fn                                            13
tp                                           137
train_time_s                            2.092861
predict_ms_per_1000                    16.170987
n_configs                                      8
Name: 40, dtype: object>",4,4459,1115,0.46394230769230765,0.0,0.13452914798206278,0.5,0.0,0.5,0.8654708520179372,0.0,965,0,150,0,0.0,0.0,0
E1,word,full,MajorityBaseline(all-ham),Baseline,"<bound method Series.repeat of experiment                                    E1
representation                              word
corpus                                      full
algorithm                          MultinomialNB
family                    Linear / probabilistic
repeat                                         2
fold                                           5
n_train                                     4460
n_test                                      1114
macro_f1                                0.982418
spam_f1                                 0.969492
pr_auc                                   0.99241
roc_auc                                 0.997336
mcc                                     0.964902
balanced_accuracy                       0.978311
accuracy                                0.991921
recall_at_99_precision                  0.932886
tn                                           962
fp                                             3
fn                                             6
tp                                           143
train_time_s                            2.216845
predict_ms_per_1000                     18.77651
n_configs                                      8
Name: 45, dtype: object>",5,4460,1114,0.4641654641654642,0.0,0.13375224416517056,0.5,0.0,0.5,0.8662477558348295,0.0,965,0,149,0,0.0,0.0,0
E1,word,full,MajorityBaseline(all-ham),Baseline,"<bound method Series.repeat of experiment                                    E1
representation                              word
corpus                                      full
algorithm                          MultinomialNB
family                    Linear / probabilistic
repeat                                         3
fold                                           1
n_train                                     4459
n_test                                      1115
macro_f1                                 0.96772
spam_f1                                 0.943662
pr_auc                                  0.984402
roc_auc                                 0.993275
mcc                                     0.936958
balanced_accuracy                       0.949147
accuracy                                 0.98565
recall_at_99_precision                  0.899329
tn                                           965
fp                                             1
fn                                            15
tp                                           134
train_time_s                            2.053108
predict_ms_per_1000                    19.346319
n_configs                                      8
Name: 50, dtype: object>",1,4459,1115,0.4641999038923595,0.0,0.1336322869955157,0.5,0.0,0.5,0.8663677130044843,0.0,966,0,149,0,0.0,0.0,0
E1,word,full,MajorityBaseline(all-ham),Baseline,"<bound method Series.repeat of experiment                                    E1
representation                              word
corpus                                      full
algorithm                          MultinomialNB
family                    Linear / probabilistic
repeat                                         3
fold                                           2
n_train                                     4459
n_test                                      1115
macro_f1                                 0.97416
spam_f1                                 0.955017
pr_auc                                  0.977784
roc_auc                                 0.986758
mcc                                     0.948935
balanced_accuracy                       0.962052
accuracy                                0.988341
recall_at_99_precision                  0.879195
tn                                           964
fp                                             2
fn                                            11
tp                                           138
train_time_s                            2.182998
predict_ms_per_1000                    14.478251
n_configs                                      8
Name: 55, dtype: object>",2,4459,1115,0.4641999038923595,0.0,0.1336322869955157,0.5,0.0,0.5,0.8663677130044843,0.0,966,0,149,0,0.0,0.0,0
E1,word,full,MajorityBaseline(all-ham),Baseline,"<bound method Series.repeat of experiment                                    E1
representation                              word
corpus                                      full
algorithm                          MultinomialNB
family                    Linear / probabilistic
repeat                                         3
fold                                           3
n_train                                     4459
n_test                                      1115
macro_f1                                 0.96829
spam_f1                                 0.944828
pr_auc                                  0.964276
roc_auc                                 0.986363
mcc                                     0.937328
balanced_accuracy                       0.955112
accuracy                                 0.98565
recall_at_99_precision                  0.913333
tn                                           962
fp                                             3
fn                                            13
tp                                           137
train_time_s                            2.160599
predict_ms_per_1000                    15.043442
n_configs                                      8
Name: 60, dtype: object>",3,4459,1115,0.46394230769230765,0.0,0.13452914798206278,0.5,0.0,0.5,0.8654708520179372,0.0,965,0,150,0,0.0,0.0,0
E1,word,full,MajorityBaseline(all-ham),Baseline,"<bound method Series.repeat of experiment                                    E1
representation                              word
corpus                                      full
algorithm                          MultinomialNB
family                    Linear / probabilistic
repeat                                         3
fold                                           4
n_train                                     4459
n_test                                      1115
macro_f1                                0.959214
spam_f1                                 0.929293
pr_auc                                  0.980361
roc_auc                                 0.994767
mcc                                     0.918493
balanced_accuracy                       0.955337
accuracy                                0.981166
recall_at_99_precision                  0.886667
tn                                           956
fp                                             9
fn                                            12
tp                                           138
train_time_s                            2.156937
predict_ms_per_1000                     13.45035
n_configs                                      8
Name: 65, dtype: object>",4,4459,1115,0.46394230769230765,0.0,0.13452914798206278,0.5,0.0,0.5,0.8654708520179372,0.0,965,0,150,0,0.0,0.0,0
E1,word,full,MajorityBaseline(all-ham),Baseline,"<bound method Series.repeat of experiment                                    E1
representation                              word
corpus                                      full
algorithm                          MultinomialNB
family                    Linear / probabilistic
repeat                                         3
fold                                           5
n_train                                     4460
n_test                                      1114
macro_f1                                0.976214
spam_f1                                 0.958621
pr_auc                                  0.981006
roc_auc                                 0.991672
mcc                                     0.952913
balanced_accuracy                       0.965407
accuracy                                0.989228
recall_at_99_precision                  0.932886
tn                                           963
fp                                             2
fn                                            10
tp                                           139
train_time_s                            2.187897
predict_ms_per_1000                    15.013029
n_configs                                      8
Name: 70, dtype: object>",5,4460,1114,0.4641654641654642,0.0,0.13375224416517056,0.5,0.0,0.5,0.8662477558348295,0.0,965,0,149,0,0.0,0.0,0
E2,char,full,MajorityBaseline(all-ham),Baseline,"<bound method Series.repeat of experiment                                    E2
representation                              char
corpus                                      full
algorithm                          MultinomialNB
family                    Linear / probabilistic
repeat                                         1
fold                                           1
n_train                                     4459
n_test                                      1115
macro_f1                                0.971924
spam_f1                                 0.951049
pr_auc                                  0.981583
roc_auc                                 0.992406
mcc                                     0.944956
balanced_accuracy                       0.955858
accuracy                                0.987444
recall_at_99_precision                  0.912752
tn                                           965
fp                                             1
fn                                            13
tp                                           136
train_time_s                             9.95463
predict_ms_per_1000                    81.302691
n_configs                                      8
Name: 75, dtype: object>",1,4459,1115,0.4641999038923595,0.0,0.1336322869955157,0.5,0.0,0.5,0.8663677130044843,0.0,966,0,149,0,0.0,0.0,0
E2,char,full,MajorityBaseline(all-ham),Baseline,"<bound method Series.repeat of experiment                                    E2
representation                              char
corpus                                      full
algorithm                          MultinomialNB
family                    Linear / probabilistic
repeat                                         1
fold                                           2
n_train                                     4459
n_test                                      1115
macro_f1                                 0.98252
spam_f1                                 0.969697
pr_auc                                  0.991604
roc_auc                                 0.995171
mcc                                     0.965048
balanced_accuracy                       0.981151
accuracy                                0.991928
recall_at_99_precision                  0.959732
tn                                           962
fp                                             4
fn                                             5
tp                                           144
train_time_s                           10.164442
predict_ms_per_1000                     84.19186
n_configs                                      8
Name: 80, dtype: object>",2,4459,1115,0.4641999038923595,0.0,0.1336322869955157,0.5,0.0,0.5,0.8663677130044843,0.0,966,0,149,0,0.0,0.0,0
E2,char,full,MajorityBaseline(all-ham),Baseline,"<bound method Series.repeat of experiment                                    E2
representation                              char
corpus                                      full
algorithm                          MultinomialNB
family                    Linear / probabilistic
repeat                                         1
fold                                           3
n_train                                     4459
n_test                                      1115
macro_f1                                0.984594
spam_f1                                 0.973333
pr_auc                                  0.992209
roc_auc                                 0.995468
mcc                                     0.969188
balanced_accuracy                       0.984594
accuracy                                0.992825
recall_at_99_precision                      0.96
tn                                           961
fp                                             4
fn                                             4
tp                                           146
train_time_s                           10.164357
predict_ms_per_1000                     83.12792
n_configs                                      8
Name: 85, dtype: object>",3,4459,1115,0.46394230769230765,0.0,0.13452914798206278,0.5,0.0,0.5,0.8654708520179372,0.0,965,0,150,0,0.0,0.0,0
E2,char,full,MajorityBaseline(all-ham),Baseline,"<bound method Series.repeat of experiment                                    E2
representation                              char
corpus                                      full
algorithm                          MultinomialNB
family                    Linear / probabilistic
repeat                                         1
fold                                           4
n_train                                     4459
n_test                                      1115
macro_f1                                0.956141
spam_f1                                 0.923611
pr_auc                                  0.970989
roc_auc                                 0.987627
mcc                                     0.913351
balanced_accuracy                       0.940743
accuracy                                0.980269
recall_at_99_precision                      0.84
tn                                           960
fp                                             5
fn                                            17
tp                                           133
train_time_s                            9.880371
predict_ms_per_1000                     77.07063
n_configs                                      8
Name: 90, dtype: object>",4,4459,1115,0.46394230769230765,0.0,0.13452914798206278,0.5,0.0,0.5,0.8654708520179372,0.0,965,0,150,0,0.0,0.0,0
E2,char,full,MajorityBaseline(all-ham),Baseline,"<bound method Series.repeat of experiment                                    E2
representation                              char
corpus                                      full
algorithm                          MultinomialNB
family                    Linear / probabilistic
repeat                                         1
fold                                           5
n_train                                     4460
n_test                                      1114
macro_f1                                0.978386
spam_f1                                 0.962457
pr_auc                                  0.985044
roc_auc                                 0.993699
mcc                                     0.956959
balanced_accuracy                         0.9716
accuracy                                0.990126
recall_at_99_precision                  0.939597
tn                                           962
fp                                             3
fn                                             8
tp                                           141
train_time_s                           10.248829
predict_ms_per_1000                    86.491412
n_configs                                      8
Name: 95, dtype: object>",5,4460,1114,0.4641654641654642,0.0,0.13375224416517056,0.5,0.0,0.5,0.8662477558348295,0.0,965,0,149,0,0.0,0.0,0
E2,char,full,MajorityBaseline(all-ham),Baseline,"<bound method Series.repeat of experiment                                    E2
representation                              char
corpus                                      full
algorithm                          MultinomialNB
family                    Linear / probabilistic
repeat                                         2
fold                                           1
n_train                                     4459
n_test                                      1115
macro_f1                                0.970184
spam_f1                                 0.948097
pr_auc                                  0.972709
roc_auc                                 0.982902
mcc                                      0.94098
balanced_accuracy                       0.958179
accuracy                                0.986547
recall_at_99_precision                  0.912752
tn                                           963
fp                                             3
fn                                            12
tp                                           137
train_time_s                           10.033908
predict_ms_per_1000                    95.549326
n_configs                                      8
Name: 100, dtype: object>",1,4459,1115,0.4641999038923595,0.0,0.1336322869955157,0.5,0.0,0.5,0.8663677130044843,0.0,966,0,149,0,0.0,0.0,0
E2,char,full,MajorityBaseline(all-ham),Baseline,"<bound method Series.repeat of experiment                                    E2
representation                              char
corpus                                      full
algorithm                          MultinomialNB
family                    Linear / probabilistic
repeat                                         2
fold                                           2
n_train                                     4459
n_test                                      1115
macro_f1                                0.964326
spam_f1                                 0.937931
pr_auc                                   0.97312
roc_auc                                 0.990496
mcc                                     0.929128
balanced_accuracy                       0.953788
accuracy                                0.983857
recall_at_99_precision                  0.885906
tn                                           961
fp                                             5
fn                                            13
tp                                           136
train_time_s                           10.558671
predict_ms_per_1000                    78.648719
n_configs                                      8
Name: 105, dtype: object>",2,4459,1115,0.4641999038923595,0.0,0.1336322869955157,0.5,0.0,0.5,0.8663677130044843,0.0,966,0,149,0,0.0,0.0,0
E2,char,full,MajorityBaseline(all-ham),Baseline,"<bound method Series.repeat of experiment                                    E2
representation                              char
corpus                                      full
algorithm                          MultinomialNB
family                    Linear / probabilistic
repeat                                         2
fold                                           3
n_train                                     4459
n_test                                      1115
macro_f1                                0.986327
spam_f1                                 0.976271
pr_auc                                  0.997868
roc_auc                                 0.999641
mcc                                      0.97284
balanced_accuracy                       0.979482
accuracy                                0.993722
recall_at_99_precision                      0.96
tn                                           964
fp                                             1
fn                                             6
tp                                           144
train_time_s                             9.87532
predict_ms_per_1000                    78.785646
n_configs                                      8
Name: 110, dtype: object>",3,4459,1115,0.46394230769230765,0.0,0.13452914798206278,0.5,0.0,0.5,0.8654708520179372,0.0,965,0,150,0,0.0,0.0,0
E2,char,full,MajorityBaseline(all-ham),Baseline,"<bound method Series.repeat of experiment                                    E2
representation                              char
corpus                                      full
algorithm                          MultinomialNB
family                    Linear / probabilistic
repeat                                         2
fold                                           4
n_train                                     4459
n_test                                      1115
macro_f1                                0.974311
spam_f1                                 0.955326
pr_auc                                  0.985352
roc_auc                                 0.993534
mcc                                      0.94923
balanced_accuracy                       0.962297
accuracy                                0.988341
recall_at_99_precision                       0.9
tn                                           963
fp                                             2
fn                                            11
tp                                           139
train_time_s                           10.292844
predict_ms_per_1000                    81.305859
n_configs                                      8
Name: 115, dtype: object>",4,4459,1115,0.46394230769230765,0.0,0.13452914798206278,0.5,0.0,0.5,0.8654708520179372,0.0,965,0,150,0,0.0,0.0,0
E2,char,full,MajorityBaseline(all-ham),Baseline,"<bound method Series.repeat of experiment                                    E2
representation                              char
corpus                                      full
algorithm                          MultinomialNB
family                    Linear / probabilistic
repeat                                         2
fold                                           5
n_train                                     4460
n_test                                      1114
macro_f1                                 0.98074
spam_f1                                 0.966667
pr_auc                                  0.991182
roc_auc                                 0.996766
mcc                                     0.961509
balanced_accuracy                       0.983468
accuracy                                0.991023
recall_at_99_precision                  0.912752
tn                                           959
fp                                             6
fn                                             4
tp                                           145
train_time_s                            10.18695
predict_ms_per_1000                    79.669299
n_configs                                      8
Name: 120, dtype: object>",5,4460,1114,0.4641654641654642,0.0,0.13375224416517056,0.5,0.0,0.5,0.8662477558348295,0.0,965,0,149,0,0.0,0.0,0
E2,char,full,MajorityBaseline(all-ham),Baseline,"<bound method Series.repeat of experiment                                    E2
representation                              char
corpus                                      full
algorithm                          MultinomialNB
family                    Linear / probabilistic
repeat                                         3
fold                                           1
n_train                                     4459
n_test                                      1115
macro_f1                                0.976077
spam_f1                                 0.958333
pr_auc                                  0.988988
roc_auc                                 0.995665
mcc                                      0.95292
balanced_accuracy                        0.96257
accuracy                                0.989238
recall_at_99_precision                  0.926174
tn                                           965
fp                                             1
fn                                            11
tp                                           138
train_time_s                            9.937517
predict_ms_per_1000                    79.629398
n_configs                                      8
Name: 125, dtype: object>",1,4459,1115,0.4641999038923595,0.0,0.1336322869955157,0.5,0.0,0.5,0.8663677130044843,0.0,966,0,149,0,0.0,0.0,0
E2,char,full,MajorityBaseline(all-ham),Baseline,"<bound method Series.repeat of experiment                                    E2
representation                              char
corpus                                      full
algorithm                          MultinomialNB
family                    Linear / probabilistic
repeat                                         3
fold                                           2
n_train                                     4459
n_test                                      1115
macro_f1                                0.978389
spam_f1                                 0.962457
pr_auc                                  0.979415
roc_auc                                 0.989155
mcc                                     0.956965
balanced_accuracy                       0.971602
accuracy                                0.990135
recall_at_99_precision                  0.946309
tn                                           963
fp                                             3
fn                                             8
tp                                           141
train_time_s                           10.148044
predict_ms_per_1000                    81.506233
n_configs                                      8
Name: 130, dtype: object>",2,4459,1115,0.4641999038923595,0.0,0.1336322869955157,0.5,0.0,0.5,0.8663677130044843,0.0,966,0,149,0,0.0,0.0,0
E2,char,full,MajorityBaseline(all-ham),Baseline,"<bound method Series.repeat of experiment                                    E2
representation                              char
corpus                                      full
algorithm                          MultinomialNB
family                    Linear / probabilistic
repeat                                         3
fold                                           3
n_train                                     4459
n_test                                      1115
macro_f1                                0.976218
spam_f1                                 0.958621
pr_auc                                  0.984615
roc_auc                                 0.993914
mcc                                     0.953192
balanced_accuracy                       0.962815
accuracy                                0.989238
recall_at_99_precision                  0.933333
tn                                           964
fp                                             1
fn                                            11
tp                                           139
train_time_s                           10.122273
predict_ms_per_1000                    80.316366
n_configs                                      8
Name: 135, dtype: object>",3,4459,1115,0.46394230769230765,0.0,0.13452914798206278,0.5,0.0,0.5,0.8654708520179372,0.0,965,0,150,0,0.0,0.0,0
E2,char,full,MajorityBaseline(all-ham),Baseline,"<bound method Series.repeat of experiment                                    E2
representation                              char
corpus                                      full
algorithm                          MultinomialNB
family                    Linear / probabilistic
repeat                                         3
fold                                           4
n_train                                     4459
n_test                                      1115
macro_f1                                0.969188
spam_f1                                 0.946667
pr_auc                                  0.982091
roc_auc                                 0.993879
mcc                                     0.938377
balanced_accuracy                       0.969188
accuracy                                 0.98565
recall_at_99_precision                  0.846667
tn                                           957
fp                                             8
fn                                             8
tp                                           142
train_time_s                            9.904006
predict_ms_per_1000                    77.066085
n_configs                                      8
Name: 140, dtype: object>",4,4459,1115,0.46394230769230765,0.0,0.13452914798206278,0.5,0.0,0.5,0.8654708520179372,0.0,965,0,150,0,0.0,0.0,0
E2,char,full,MajorityBaseline(all-ham),Baseline,"<bound method Series.repeat of experiment                                    E2
representation                              char
corpus                                      full
algorithm                          MultinomialNB
family                    Linear / probabilistic
repeat                                         3
fold                                           5
n_train                                     4460
n_test                                      1114
macro_f1                                0.980631
spam_f1                                 0.966443
pr_auc                                  0.985747
roc_auc                                 0.992697
mcc                                     0.961262
balanced_accuracy                       0.980631
accuracy                                0.991023
recall_at_99_precision                  0.939597
tn                                           960
fp                                             5
fn                                             5
tp                                           144
train_time_s                            9.985367
predict_ms_per_1000                    82.374215
n_configs                                      8
Name: 145, dtype: object>",5,4460,1114,0.4641654641654642,0.0,0.13375224416517056,0.5,0.0,0.5,0.8662477558348295,0.0,965,0,149,0,0.0,0.0,0
E3,word,deduplicated,MajorityBaseline(all-ham),Baseline,"<bound method Series.repeat of experiment                                    E3
representation                              word
corpus                              deduplicated
algorithm                          MultinomialNB
family                    Linear / probabilistic
repeat                                         1
fold                                           1
n_train                                     4104
n_test                                      1026
macro_f1                                0.974326
spam_f1                                 0.954733
pr_auc                                  0.980945
roc_auc                                  0.99232
mcc                                     0.949164
balanced_accuracy                        0.96289
accuracy                                0.989279
recall_at_99_precision                     0.928
tn                                           899
fp                                             2
fn                                             9
tp                                           116
train_time_s                            1.958071
predict_ms_per_1000                    16.769209
n_configs                                      8
Name: 150, dtype: object>",1,4104,1026,0.46756616502335235,0.0,0.12183235867446393,0.5,0.0,0.5,0.878167641325536,0.0,901,0,125,0,0.0,0.0,0
E3,word,deduplicated,MajorityBaseline(all-ham),Baseline,"<bound method Series.repeat of experiment                                    E3
representation                              word
corpus                              deduplicated
algorithm                          MultinomialNB
family                    Linear / probabilistic
repeat                                         1
fold                                           2
n_train                                     4104
n_test                                      1026
macro_f1                                0.974326
spam_f1                                 0.954733
pr_auc                                  0.977443
roc_auc                                 0.989982
mcc                                     0.949499
balanced_accuracy                       0.959762
accuracy                                0.989279
recall_at_99_precision                  0.928571
tn                                           899
fp                                             1
fn                                            10
tp                                           116
train_time_s                            1.955638
predict_ms_per_1000                    17.338621
n_configs                                      8
Name: 155, dtype: object>",2,4104,1026,0.46728971962616817,0.0,0.12280701754385964,0.5,0.0,0.5,0.8771929824561403,0.0,900,0,126,0,0.0,0.0,0
E3,word,deduplicated,MajorityBaseline(all-ham),Baseline,"<bound method Series.repeat of experiment                                    E3
representation                              word
corpus                              deduplicated
algorithm                          MultinomialNB
family                    Linear / probabilistic
repeat                                         1
fold                                           3
n_train                                     4104
n_test                                      1026
macro_f1                                0.957223
spam_f1                                  0.92437
pr_auc                                  0.961129
roc_auc                                 0.981252
mcc                                     0.916515
balanced_accuracy                       0.935397
accuracy                                0.982456
recall_at_99_precision                  0.849206
tn                                           898
fp                                             2
fn                                            16
tp                                           110
train_time_s                            2.006257
predict_ms_per_1000                    16.159697
n_configs                                      8
Name: 160, dtype: object>",3,4104,1026,0.46728971962616817,0.0,0.12280701754385964,0.5,0.0,0.5,0.8771929824561403,0.0,900,0,126,0,0.0,0.0,0
E3,word,deduplicated,MajorityBaseline(all-ham),Baseline,"<bound method Series.repeat of experiment                                    E3
representation                              word
corpus                              deduplicated
algorithm                          MultinomialNB
family                    Linear / probabilistic
repeat                                         1
fold                                           4
n_train                                     4104
n_test                                      1026
macro_f1                                0.959747
spam_f1                                  0.92887
pr_auc                                  0.966183
roc_auc                                   0.9894
mcc                                     0.921271
balanced_accuracy                       0.939365
accuracy                                0.983431
recall_at_99_precision                  0.865079
tn                                           898
fp                                             2
fn                                            15
tp                                           111
train_time_s                              1.8984
predict_ms_per_1000                    14.950679
n_configs                                      8
Name: 165, dtype: object>",4,4104,1026,0.46728971962616817,0.0,0.12280701754385964,0.5,0.0,0.5,0.8771929824561403,0.0,900,0,126,0,0.0,0.0,0
E3,word,deduplicated,MajorityBaseline(all-ham),Baseline,"<bound method Series.repeat of experiment                                    E3
representation                              word
corpus                              deduplicated
algorithm                          MultinomialNB
family                    Linear / probabilistic
repeat                                         1
fold                                           5
n_train                                     4104
n_test                                      1026
macro_f1                                0.969658
spam_f1                                 0.946502
pr_auc                                  0.973538
roc_auc                                 0.989744
mcc                                     0.940157
balanced_accuracy                       0.955238
accuracy                                0.987329
recall_at_99_precision                  0.904762
tn                                           898
fp                                             2
fn                                            11
tp                                           115
train_time_s                            1.831735
predict_ms_per_1000                    16.467527
n_configs                                      8
Name: 170, dtype: object>",5,4104,1026,0.46728971962616817,0.0,0.12280701754385964,0.5,0.0,0.5,0.8771929824561403,0.0,900,0,126,0,0.0,0.0,0
E3,word,deduplicated,MajorityBaseline(all-ham),Baseline,"<bound method Series.repeat of experiment                                    E3
representation                              word
corpus                              deduplicated
algorithm                          MultinomialNB
family                    Linear / probabilistic
repeat                                         2
fold                                           1
n_train                                     4104
n_test                                      1026
macro_f1                                0.976407
spam_f1                                 0.958333
pr_auc                                  0.972119
roc_auc                                 0.986264
mcc                                     0.953887
balanced_accuracy                           0.96
accuracy                                0.990253
recall_at_99_precision                      0.92
tn                                           901
fp                                             0
fn                                            10
tp                                           115
train_time_s                            1.956088
predict_ms_per_1000                    14.939911
n_configs                                      8
Name: 175, dtype: object>",1,4104,1026,0.46756616502335235,0.0,0.12183235867446393,0.5,0.0,0.5,0.878167641325536,0.0,901,0,125,0,0.0,0.0,0
E3,word,deduplicated,MajorityBaseline(all-ham),Baseline,"<bound method Series.repeat of experiment                                    E3
representation                              word
corpus                              deduplicated
algorithm                          MultinomialNB
family                    Linear / probabilistic
repeat                                         2
fold                                           2
n_train                                     4104
n_test                                      1026
macro_f1                                0.972287
spam_f1                                  0.95122
pr_auc                                  0.989884
roc_auc                                 0.997319
mcc                                     0.944942
balanced_accuracy                       0.962619
accuracy                                0.988304
recall_at_99_precision                  0.865079
tn                                           897
fp                                             3
fn                                             9
tp                                           117
train_time_s                            2.040469
predict_ms_per_1000                    16.609608
n_configs                                      8
Name: 180, dtype: object>",2,4104,1026,0.46728971962616817,0.0,0.12280701754385964,0.5,0.0,0.5,0.8771929824561403,0.0,900,0,126,0,0.0,0.0,0
E3,word,deduplicated,MajorityBaseline(all-ham),Baseline,"<bound method Series.repeat of experiment                                    E3
representation                              word
corpus                              deduplicated
algorithm                          MultinomialNB
family                    Linear / probabilistic
repeat                                         2
fold                                           3
n_train                                     4104
n_test                                      1026
macro_f1                                0.946542
spam_f1                                 0.905172
pr_auc                                  0.971007
roc_auc                                 0.988492
mcc                                     0.897427
balanced_accuracy                       0.916111
accuracy                                0.978558
recall_at_99_precision                   0.84127
tn                                           899
fp                                             1
fn                                            21
tp                                           105
train_time_s                            1.981366
predict_ms_per_1000                    17.592268
n_configs                                      8
Name: 185, dtype: object>",3,4104,1026,0.46728971962616817,0.0,0.12280701754385964,0.5,0.0,0.5,0.8771929824561403,0.0,900,0,126,0,0.0,0.0,0
E3,word,deduplicated,MajorityBaseline(all-ham),Baseline,"<bound method Series.repeat of experiment                                    E3
representation                              word
corpus                              deduplicated
algorithm                          MultinomialNB
family                    Linear / probabilistic
repeat                                         2
fold                                           4
n_train                                     4104
n_test                                      1026
macro_f1                                0.969872
spam_f1                                 0.946939
pr_auc                                  0.972664
roc_auc                                 0.991019
mcc                                     0.940246
balanced_accuracy                       0.958651
accuracy                                0.987329
recall_at_99_precision                  0.904762
tn                                           897
fp                                             3
fn                                            10
tp                                           116
train_time_s                             1.95752
predict_ms_per_1000                    14.273574
n_configs                                      8
Name: 190, dtype: object>",4,4104,1026,0.46728971962616817,0.0,0.12280701754385964,0.5,0.0,0.5,0.8771929824561403,0.0,900,0,126,0,0.0,0.0,0
E3,word,deduplicated,MajorityBaseline(all-ham),Baseline,"<bound method Series.repeat of experiment                                    E3
representation                              word
corpus                              deduplicated
algorithm                          MultinomialNB
family                    Linear / probabilistic
repeat                                         2
fold                                           5
n_train                                     4104
n_test                                      1026
macro_f1                                0.955335
spam_f1                                 0.921162
pr_auc                                  0.960488
roc_auc                                 0.984603
mcc                                     0.911915
balanced_accuracy                       0.938254
accuracy                                0.981481
recall_at_99_precision                  0.865079
tn                                           896
fp                                             4
fn                                            15
tp                                           111
train_time_s                            1.967668
predict_ms_per_1000                    15.227897
n_configs                                      8
Name: 195, dtype: object>",5,4104,1026,0.46728971962616817,0.0,0.12280701754385964,0.5,0.0,0.5,0.8771929824561403,0.0,900,0,126,0,0.0,0.0,0
E3,word,deduplicated,MajorityBaseline(all-ham),Baseline,"<bound method Series.repeat of experiment                                    E3
representation                              word
corpus                              deduplicated
algorithm                          MultinomialNB
family                    Linear / probabilistic
repeat                                         3
fold                                           1
n_train                                     4104
n_test                                      1026
macro_f1                                0.969872
spam_f1                                 0.946939
pr_auc                                  0.974981
roc_auc                                 0.990903
mcc                                         0.94
balanced_accuracy                        0.96178
accuracy                                0.987329
recall_at_99_precision                     0.928
tn                                           897
fp                                             4
fn                                             9
tp                                           116
train_time_s                            1.854524
predict_ms_per_1000                     14.39966
n_configs                                      8
Name: 200, dtype: object>",1,4104,1026,0.46756616502335235,0.0,0.12183235867446393,0.5,0.0,0.5,0.878167641325536,0.0,901,0,125,0,0.0,0.0,0
E3,word,deduplicated,MajorityBaseline(all-ham),Baseline,"<bound method Series.repeat of experiment                                    E3
representation                              word
corpus                              deduplicated
algorithm                          MultinomialNB
family                    Linear / probabilistic
repeat                                         3
fold                                           2
n_train                                     4104
n_test                                      1026
macro_f1                                0.972287
spam_f1                                  0.95122
pr_auc                                  0.983055
roc_auc                                 0.996129
mcc                                     0.944942
balanced_accuracy                       0.962619
accuracy                                0.988304
recall_at_99_precision                  0.928571
tn                                           897
fp                                             3
fn                                             9
tp                                           117
train_time_s                            2.151937
predict_ms_per_1000                    16.053718
n_configs                                      8
Name: 205, dtype: object>",2,4104,1026,0.46728971962616817,0.0,0.12280701754385964,0.5,0.0,0.5,0.8771929824561403,0.0,900,0,126,0,0.0,0.0,0
E3,word,deduplicated,MajorityBaseline(all-ham),Baseline,"<bound method Series.repeat of experiment                                    E3
representation                              word
corpus                              deduplicated
algorithm                          MultinomialNB
family                    Linear / probabilistic
repeat                                         3
fold                                           3
n_train                                     4104
n_test                                      1026
macro_f1                                0.952121
spam_f1                                 0.915254
pr_auc                                  0.960094
roc_auc                                 0.982416
mcc                                      0.90696
balanced_accuracy                        0.92746
accuracy                                0.980507
recall_at_99_precision                  0.849206
tn                                           898
fp                                             2
fn                                            18
tp                                           108
train_time_s                            1.939479
predict_ms_per_1000                    19.188597
n_configs                                      8
Name: 210, dtype: object>",3,4104,1026,0.46728971962616817,0.0,0.12280701754385964,0.5,0.0,0.5,0.8771929824561403,0.0,900,0,126,0,0.0,0.0,0
E3,word,deduplicated,MajorityBaseline(all-ham),Baseline,"<bound method Series.repeat of experiment                                    E3
representation                              word
corpus                              deduplicated
algorithm                          MultinomialNB
family                    Linear / probabilistic
repeat                                         3
fold                                           4
n_train                                     4104
n_test                                      1026
macro_f1                                0.951764
spam_f1                                  0.91453
pr_auc                                  0.946726
roc_auc                                  0.97649
mcc                                     0.907022
balanced_accuracy                       0.924048
accuracy                                0.980507
recall_at_99_precision                  0.849206
tn                                           899
fp                                             1
fn                                            19
tp                                           107
train_time_s                            2.055819
predict_ms_per_1000                    16.309258
n_configs                                      8
Name: 215, dtype: object>",4,4104,1026,0.46728971962616817,0.0,0.12280701754385964,0.5,0.0,0.5,0.8771929824561403,0.0,900,0,126,0,0.0,0.0,0
E3,word,deduplicated,MajorityBaseline(all-ham),Baseline,"<bound method Series.repeat of experiment                                    E3
representation                              word
corpus                              deduplicated
algorithm                          MultinomialNB
family                    Linear / probabilistic
repeat                                         3
fold                                           5
n_train                                     4104
n_test                                      1026
macro_f1                                0.967207
spam_f1                                 0.942149
pr_auc                                  0.985391
roc_auc                                  0.99466
mcc                                     0.935456
balanced_accuracy                        0.95127
accuracy                                0.986355
recall_at_99_precision                  0.904762
tn                                           898
fp                                             2
fn                                            12
tp                                           114
train_time_s                             1.95676
predict_ms_per_1000                    15.260195
n_configs                                      8
Name: 220, dtype: object>",5,4104,1026,0.46728971962616817,0.0,0.12280701754385964,0.5,0.0,0.5,0.8771929824561403,0.0,900,0,126,0,0.0,0.0,0
